date,value
2001-01-02,1096.0
2001-01-03,1096.0
2001-01-04,1096.0
2001-01-05,1096.0
2001-01-08,1097.0
2001-01-09,1097.0
2001-01-10,1097.0
2001-01-11,1097.0
2001-01-12,1097.0
2001-01-15,1098.0
2001-01-16,1098.0
2001-01-17,1098.0
2001-01-18,1098.0
2001-01-19,1098.0
2001-01-22,1099.0
2001-01-23,1099.0
2001-01-24,1099.0
2001-01-25,1099.0
2001-01-26,1099.0
2001-01-29,1099.0
2001-01-30,1099.0
2001-01-31,1099.0
2001-02-01,1099.0
2001-02-02,1099.0
2001-02-03,1099.0
2001-02-06,1099.0
2001-02-07,1099.0
2001-02-08,1099.0
2001-02-09,1099.0
2001-02-12,1099.56
2001-02-13,1099.56
2001-02-14,1099.56
2001-02-15,1099.56
2001-02-16,1099.56
2001-02-19,1099.0
2001-02-20,1099.0
2001-02-21,1099.0
2001-02-22,1099.0
2001-02-23,1099.0
2001-02-26,1098.0
2001-02-27,1098.0
2001-02-28,1098.0
2001-03-01,1098.0
2001-03-02,1098.0
2001-03-05,1099.0
2001-03-06,1099.0
2001-03-07,1099.0
2001-03-08,1099.0
2001-03-09,1099.0
2001-03-12,1098.0
2001-03-13,1098.0
2001-03-14,1098.0
2001-03-15,1098.0
2001-03-16,1098.0
2001-03-19,1098.0
2001-03-20,1098.0
2001-03-21,1098.0
2001-03-22,1098.0
2001-03-23,1098.0
2001-03-26,1097.0
2001-03-27,1097.0
2001-03-28,1097.0
2001-03-29,1097.0
2001-03-30,1097.0
2001-04-02,1096.0
2001-04-03,1096.0
2001-04-04,1096.0
2001-04-05,1094.0
2001-04-06,1094.0
2001-04-09,1093.0
2001-04-10,1093.0
2001-04-11,1093.0
2001-04-12,1093.0
2001-04-13,1093.0
2001-04-16,1092.0
2001-04-17,1092.0
2001-04-18,1092.0
2001-04-19,1092.0
2001-04-20,1092.0
2001-04-23,1092.0
2001-04-24,1092.0
2001-04-25,1092.0
2001-04-26,1092.0
2001-04-27,1092.0
2001-04-30,1091.0
2001-05-01,1091.0
2001-05-02,1091.0
2001-05-03,1091.0
2001-05-04,1091.0
2001-05-07,1091.0
2001-05-08,1091.0
2001-05-09,1091.0
2001-05-10,1091.0
2001-05-11,1091.0
2001-05-14,1092.0
2001-05-15,1092.0
2001-05-16,1092.0
2001-05-17,1092.0
2001-05-18,1092.0
2001-05-21,1093.0
2001-05-22,1093.0
2001-05-23,1093.0
2001-05-24,1095.0
2001-05-25,1095.0
2001-05-28,1095.0
2001-05-29,1095.0
2001-05-30,1095.0
2001-05-31,1095.0
2001-06-04,1095.0
2001-06-05,1095.0
2001-06-06,1095.0
2001-06-07,1095.0
2001-06-08,1095.0
2001-06-11,1096.0
2001-06-12,1096.0
2001-06-13,1096.0
2001-06-14,1096.0
2001-06-15,1096.0
2001-06-18,1096.0
2001-06-19,1096.0
2001-06-20,1096.0
2001-06-21,1096.0
2001-06-22,1096.0
2001-06-25,1097.0
2001-06-26,1097.0
2001-06-27,1097.0
2001-06-28,1097.0
2001-06-29,1097.0
2001-07-02,1096.0
2001-07-03,1096.0
2001-07-04,1096.0
2001-07-05,1096.0
2001-07-06,1096.0
2001-07-09,1096.0
2001-07-10,1096.0
2001-07-16,1097.0
2001-07-17,1097.0
2001-07-18,1097.0
2001-07-19,1097.0
2001-07-20,1097.0
2001-07-23,1097.0
2001-07-24,1097.0
2001-07-25,1097.0
2001-07-26,1097.0
2001-07-27,1097.0
2001-07-30,1098.0
2001-07-31,1098.0
2001-08-01,1098.0
2001-08-02,1098.0
2001-08-03,1098.0
2001-08-06,1098.0
2001-08-07,1098.0
2001-08-08,1098.0
2001-08-09,1098.0
2001-08-10,1098.0
2001-08-13,1099.0
2001-08-14,1099.0
2001-08-15,1099.0
2001-08-16,1099.0
2001-08-17,1099.0
2001-08-20,1098.0
2001-08-21,1098.0
2001-08-22,1098.0
2001-08-23,1098.0
2001-08-24,1098.0
2001-08-27,1099.0
2001-08-28,1099.0
2001-08-29,1099.0
2001-08-30,1099.0
2001-08-31,1099.0
2001-09-03,1100.0
2001-09-04,1100.0
2001-09-05,1100.0
2001-09-06,1100.0
2001-09-07,1100.0
2001-09-10,1100.0
2001-09-11,1100.0
2001-09-12,1100.0
2001-09-13,1100.0
2001-09-14,1100.0
2001-09-17,1099.0
2001-09-18,1099.0
2001-09-19,1099.0
2001-09-20,1099.0
2001-09-21,1099.0
2001-09-24,1099.0
2001-09-25,1099.0
2001-09-26,1099.0
2001-09-27,1099.0
2001-09-28,1099.0
2001-10-01,1099.0
2001-10-02,1099.0
2001-10-03,1099.0
2001-10-04,1099.0
2001-10-05,1099.0
2001-10-08,1099.0
2001-10-09,1099.0
2001-10-10,1099.0
2001-10-11,1099.0
2001-10-12,1099.0
2001-10-15,1100.0
2001-10-16,1100.0
2001-10-17,1100.0
2001-10-18,1100.0
2001-10-19,1100.0
2001-10-22,1100.0
2001-10-23,1100.0
2001-10-24,1100.0
2001-10-25,1100.0
2001-10-26,1100.0
2001-10-29,1100.0
2001-10-30,1100.0
2001-10-31,1100.0
2001-11-01,1100.0
2001-11-02,1100.0
2001-11-05,1100.0
2001-11-06,1100.0
2001-11-07,1100.0
2001-11-08,1100.0
2001-11-09,1100.0
2001-11-12,1100.0
2001-11-13,1100.0
2001-11-14,1100.0
2001-11-15,1100.0
2001-11-16,1100.0
2001-11-19,1100.0
2001-11-20,1100.0
2001-11-21,1100.0
2001-11-22,1100.0
2001-11-23,1100.0
2001-11-26,1100.0
2001-11-27,1100.0
2001-11-28,1100.0
2001-11-29,1100.0
2001-11-30,1100.0
2001-12-03,1100.0
2001-12-04,1100.0
2001-12-05,1100.0
2001-12-06,1100.0
2001-12-07,1100.0
2001-12-10,1101.0
2001-12-11,1101.0
2001-12-12,1101.0
2001-12-13,1101.0
2001-12-14,1101.0
2001-12-17,1102.0
2001-12-18,1102.0
2001-12-19,1102.0
2001-12-20,1102.0
2001-12-21,1102.0
2001-12-24,1102.0
2001-12-25,1102.0
2001-12-26,1102.0
2001-12-27,1102.0
2001-12-28,1102.0
2001-12-29,1102.0
2002-01-02,1102.0
2002-01-03,1102.0
2002-01-04,1102.0
2002-01-07,1102.0
2002-01-08,1102.0
2002-01-09,1102.0
2002-01-10,1102.0
2002-01-11,1102.0
2002-01-14,1102.0
2002-01-15,1102.0
2002-01-16,1102.0
2002-01-17,1102.0
2002-01-18,1102.0
2002-01-21,1102.0
2002-01-22,1102.0
2002-01-23,1102.0
2002-01-24,1102.0
2002-01-25,1102.0
2002-01-28,1102.0
2002-01-29,1102.0
2002-01-30,1102.0
2002-01-31,1102.0
2002-02-01,1102.0
2002-02-04,1103.0
2002-02-05,1103.0
2002-02-06,1103.0
2002-02-07,1103.0
2002-02-08,1103.0
2002-02-11,1103.0
2002-02-12,1103.0
2002-02-13,1103.0
2002-02-14,1103.0
2002-02-15,1103.0
2002-02-18,1104.0
2002-02-19,1104.0
2002-02-20,1104.0
2002-02-21,1104.0
2002-02-22,1104.0
2002-02-25,1104.0
2002-02-26,1104.0
2002-02-27,1104.0
2002-02-28,1104.0
2002-03-01,1104.0
2002-03-04,1104.0
2002-03-05,1104.0
2002-03-06,1104.0
2002-03-07,1104.0
2002-03-08,1104.0
2002-03-11,1104.0
2002-03-12,1104.0
2002-03-13,1104.0
2002-03-14,1104.0
2002-03-15,1104.0
2002-03-18,1104.0
2002-03-19,1104.0
2002-03-20,1104.0
2002-03-21,1104.0
2002-03-22,1104.0
2002-03-25,1104.0
2002-03-26,1104.0
2002-03-27,1104.0
2002-03-28,1104.0
2002-03-29,1104.0
2002-04-01,1104.0
2002-04-02,1104.0
2002-04-03,1104.0
2002-04-04,1104.0
2002-04-05,1104.0
2002-04-08,1104.0
2002-04-09,1104.0
2002-04-10,1104.0
2002-04-11,1104.0
2002-04-12,1104.0
2002-04-15,1104.0
2002-04-16,1104.0
2002-04-17,1104.0
2002-04-18,1104.0
2002-04-19,1104.0
2002-04-22,1104.0
2002-04-23,1104.0
2002-04-24,1104.0
2002-04-25,1104.0
2002-04-26,1104.0
2002-04-29,1104.0
2002-04-30,1104.0
2002-05-01,1104.0
2002-05-02,1104.0
2002-05-03,1104.0
2002-05-06,1104.0
2002-05-07,1104.0
2002-05-08,1104.0
2002-05-09,1104.0
2002-05-10,1104.0
2002-05-13,1103.0
2002-05-14,1103.0
2002-05-15,1103.0
2002-05-16,1103.0
2002-05-17,1103.0
2002-05-20,1103.0
2002-05-21,1103.0
2002-05-22,1103.0
2002-05-23,1103.0
2002-05-24,1103.0
2002-05-27,1103.0
2002-05-28,1103.0
2002-05-29,1103.0
2002-05-30,1103.0
2002-05-31,1103.0
2002-06-03,1103.0
2002-06-04,1103.0
2002-06-05,1103.0
2002-06-06,1103.0
2002-06-07,1103.0
2002-06-10,1103.0
2002-06-11,1103.0
2002-06-12,1103.0
2002-06-13,1103.0
2002-06-14,1103.0
2002-06-17,1105.0
2002-06-18,1105.0
2002-06-19,1105.0
2002-06-20,1105.0
2002-06-21,1105.0
2002-06-24,1105.0
2002-06-25,1105.0
2002-06-26,1105.0
2002-06-27,1105.0
2002-06-28,1105.0
2002-07-01,1106.0
2002-07-02,1106.0
2002-07-03,1106.0
2002-07-04,1106.0
2002-07-05,1106.0
2002-07-08,1107.0
2002-07-09,1107.0
2002-07-10,1107.0
2002-07-15,1109.0
2002-07-16,1109.0
2002-07-17,1109.0
2002-07-18,1109.0
2002-07-19,1109.0
2002-07-22,1110.0
2002-07-23,1110.0
2002-07-24,1110.0
2002-07-25,1110.0
2002-07-26,1110.0
2002-07-29,1110.0
2002-07-30,1110.0
2002-07-31,1110.0
2002-08-01,1110.0
2002-08-02,1110.0
2002-08-05,1110.0
2002-08-06,1110.0
2002-08-07,1110.0
2002-08-08,1110.0
2002-08-09,1110.0
2002-08-12,1111.0
2002-08-13,1111.0
2002-08-14,1111.0
2002-08-15,1111.0
2002-08-16,1111.0
2002-08-19,1116.0
2002-08-20,1116.0
2002-08-21,1116.0
2002-08-22,1116.0
2002-08-23,1116.0
2002-08-26,1118.0
2002-08-27,1118.0
2002-08-28,1118.0
2002-08-29,1116.0
2002-08-30,1116.0
2002-09-02,1115.0
2002-09-03,1115.0
2002-09-04,1115.0
2002-09-05,1115.0
2002-09-06,1115.0
2002-09-09,1116.0
2002-09-10,1116.0
2002-09-11,1116.0
2002-09-12,1116.0
2002-09-13,1116.0
2002-09-16,1116.0
2002-09-17,1116.0
2002-09-18,1116.0
2002-09-19,1116.0
2002-09-20,1116.0
2002-09-23,1117.0
2002-09-24,1117.0
2002-09-25,1117.0
2002-09-26,1117.0
2002-09-27,1117.0
2002-09-30,1117.0
2002-10-01,1117.0
2002-10-02,1117.0
2002-10-03,1117.0
2002-10-04,1117.0
2002-10-07,1118.0
2002-10-08,1118.0
2002-10-09,1118.0
2002-10-10,1118.0
2002-10-11,1118.0
2002-10-14,1119.0
2002-10-15,1119.0
2002-10-16,1119.0
2002-10-17,1119.0
2002-10-18,1119.0
2002-10-21,1120.0
2002-10-22,1120.0
2002-10-23,1120.0
2002-10-24,1120.0
2002-10-25,1120.0
2002-10-28,1121.0
2002-10-29,1121.0
2002-10-30,1121.0
2002-10-31,1121.0
2002-11-01,1121.0
2002-11-04,1122.0
2002-11-05,1122.0
2002-11-06,1122.0
2002-11-07,1122.0
2002-11-08,1122.0
2002-11-11,1122.0
2002-11-12,1122.0
2002-11-13,1122.0
2002-11-14,1122.0
2002-11-15,1122.0
2002-11-18,1123.0
2002-11-19,1123.0
2002-11-20,1123.0
2002-11-21,1123.0
2002-11-22,1123.0
2002-11-27,1123.0
2002-11-28,1123.0
2002-11-29,1123.0
2002-12-02,1124.0
2002-12-03,1124.0
2002-12-04,1124.0
2002-12-05,1124.0
2002-12-06,1124.0
2002-12-09,1124.0
2002-12-10,1124.0
2002-12-11,1124.0
2002-12-12,1124.0
2002-12-13,1124.0
2002-12-16,1124.0
2002-12-17,1124.0
2002-12-18,1124.0
2002-12-19,1124.0
2002-12-20,1124.0
2002-12-23,1124.0
2002-12-24,1124.0
2002-12-25,1124.0
2002-12-26,1124.0
2002-12-27,1124.0
2002-12-30,1125.0
2002-12-31,1125.0
2003-01-02,1125.0
2003-01-03,1125.0
2003-01-06,1125.0
2003-01-07,1126.0
2003-01-08,1126.0
2003-01-09,1126.0
2003-01-10,1127.0
2003-01-13,1127.0
2003-01-14,1128.0
2003-01-15,1131.0
2003-01-16,1131.0
2003-01-17,1131.0
2003-01-18,1131.0
2003-01-20,1131.0
2003-01-21,1132.0
2003-01-22,1131.0
2003-01-23,1131.0
2003-01-24,1132.0
2003-01-27,1132.0
2003-01-28,1132.0
2003-01-29,1132.0
2003-01-30,1132.0
2003-01-31,1132.0
2003-02-04,1132.0
2003-02-05,1132.0
2003-02-06,1132.0
2003-02-07,1132.0
2003-02-08,1132.0
2003-02-10,1132.0
2003-02-11,1133.0
2003-02-12,1133.0
2003-02-13,1133.0
2003-02-14,1134.0
2003-02-17,1134.0
2003-02-18,1134.0
2003-02-19,1134.0
2003-02-20,1135.0
2003-02-21,1135.0
2003-02-24,1136.0
2003-02-25,1136.0
2003-02-26,1137.0
2003-02-27,1137.0
2003-02-28,1138.0
2003-03-03,1139.0
2003-03-04,1139.0
2003-03-05,1139.0
2003-03-06,1139.0
2003-03-07,1139.0
2003-03-10,1139.0
2003-03-11,1140.0
2003-03-12,1140.0
2003-03-13,1140.0
2003-03-14,1140.0
2003-03-17,1140.0
2003-03-18,1140.0
2003-03-19,1140.0
2003-03-20,1140.0
2003-03-21,1140.0
2003-03-24,1140.0
2003-03-25,1140.0
2003-03-26,1140.0
2003-03-27,1140.0
2003-03-28,1140.0
2003-03-31,1140.0
2003-04-01,1140.0
2003-04-02,1139.0
2003-04-03,1138.0
2003-04-04,1138.0
2003-04-07,1138.0
2003-04-08,1138.0
2003-04-09,1138.0
2003-04-10,1137.0
2003-04-11,1136.0
2003-04-14,1136.0
2003-04-15,1135.0
2003-04-16,1135.0
2003-04-17,1135.0
2003-04-18,1134.0
2003-04-21,1135.0
2003-04-22,1135.0
2003-04-23,1135.0
2003-04-24,1135.0
2003-04-25,1135.0
2003-04-28,1135.0
2003-04-29,1135.0
2003-04-30,1134.0
2003-05-01,1134.0
2003-05-02,1133.0
2003-05-05,1132.0
2003-05-06,1132.0
2003-05-07,1131.0
2003-05-08,1131.0
2003-05-09,1129.0
2003-05-12,1130.0
2003-05-13,1129.0
2003-05-14,1129.0
2003-05-15,1129.0
2003-05-16,1129.0
2003-05-19,1129.0
2003-05-20,1129.0
2003-05-21,1129.0
2003-05-22,1129.0
2003-05-23,1129.0
2003-05-26,1129.0
2003-05-27,1129.0
2003-05-28,1129.0
2003-05-29,1130.0
2003-05-30,1130.0
2003-06-02,1130.0
2003-06-03,1131.0
2003-06-04,1131.0
2003-06-05,1131.0
2003-06-06,1131.0
2003-06-09,1131.0
2003-06-10,1131.0
2003-06-11,1132.0
2003-06-12,1132.0
2003-06-13,1133.0
2003-06-16,1133.0
2003-06-17,1133.0
2003-06-18,1133.0
2003-06-19,1134.0
2003-06-20,1134.0
2003-06-23,1136.0
2003-06-24,1137.0
2003-06-25,1138.0
2003-06-26,1138.0
2003-06-27,1139.0
2003-06-30,1139.0
2003-07-01,1140.0
2003-07-02,1140.0
2003-07-03,1141.0
2003-07-04,1142.0
2003-07-07,1143.0
2003-07-08,1143.0
2003-07-09,1143.0
2003-07-10,1143.0
2003-07-14,1144.0
2003-07-15,1145.0
2003-07-16,1145.0
2003-07-17,1147.0
2003-07-18,1148.0
2003-07-21,1149.0
2003-07-22,1150.0
2003-07-23,1151.0
2003-07-24,1151.0
2003-07-25,1152.0
2003-07-28,1152.0
2003-07-29,1152.0
2003-07-30,1152.0
2003-07-31,1153.0
2003-08-01,1153.0
2003-08-04,1152.0
2003-08-05,1152.0
2003-08-06,1152.0
2003-08-07,1152.0
2003-08-08,1152.0
2003-08-11,1152.0
2003-08-12,1152.0
2003-08-13,1151.0
2003-08-14,1151.0
2003-08-15,1151.0
2003-08-18,1151.0
2003-08-19,1151.0
2003-08-20,1152.0
2003-08-21,1152.0
2003-08-22,1152.0
2003-08-25,1153.0
2003-08-26,1153.0
2003-08-27,1154.0
2003-08-28,1154.0
2003-08-29,1154.0
2003-09-01,1154.0
2003-09-02,1154.0
2003-09-03,1154.0
2003-09-04,1154.0
2003-09-05,1154.0
2003-09-08,1154.0
2003-09-09,1155.0
2003-09-10,1155.0
2003-09-11,1156.0
2003-09-12,1157.0
2003-09-15,1157.0
2003-09-16,1157.0
2003-09-17,1157.0
2003-09-18,1158.0
2003-09-19,1158.0
2003-09-22,1158.0
2003-09-23,1159.0
2003-09-24,1159.0
2003-09-25,1159.0
2003-09-26,1159.0
2003-09-29,1159.0
2003-09-30,1159.0
2003-10-01,1159.0
2003-10-02,1160.0
2003-10-03,1159.0
2003-10-06,1159.0
2003-10-07,1159.0
2003-10-08,1159.0
2003-10-09,1159.0
2003-10-10,1159.0
2003-10-13,1160.0
2003-10-14,1160.0
2003-10-15,1160.0
2003-10-16,1161.0
2003-10-17,1161.0
2003-10-20,1162.0
2003-10-21,1162.0
2003-10-22,1163.0
2003-10-23,1163.0
2003-10-24,1164.0
2003-10-27,1164.0
2003-10-28,1165.0
2003-10-29,1165.0
2003-10-30,1165.0
2003-10-31,1165.0
2003-11-03,1165.0
2003-11-04,1165.0
2003-11-05,1166.0
2003-11-06,1166.0
2003-11-07,1166.0
2003-11-10,1166.0
2003-11-11,1167.0
2003-11-12,1168.0
2003-11-13,1168.0
2003-11-14,1169.0
2003-11-17,1169.0
2003-11-18,1169.0
2003-11-19,1170.0
2003-11-20,1170.0
2003-11-21,1170.0
2003-11-24,1171.0
2003-11-25,1170.0
2003-11-27,1171.0
2003-11-28,1171.0
2003-12-01,1171.0
2003-12-02,1171.0
2003-12-03,1171.0
2003-12-04,1172.0
2003-12-05,1172.0
2003-12-08,1172.0
2003-12-09,1171.0
2003-12-10,1171.0
2003-12-11,1171.0
2003-12-12,1171.0
2003-12-15,1171.0
2003-12-16,1171.0
2003-12-17,1171.0
2003-12-18,1170.0
2003-12-19,1170.0
2003-12-22,1170.0
2003-12-23,1169.0
2003-12-24,1169.0
2003-12-25,1169.0
2003-12-26,1169.0
2003-12-29,1169.0
2003-12-30,1168.0
2003-12-31,1168.0
2004-01-01,1168.0
2004-01-05,1167.0
2004-01-06,1168.0
2004-01-07,1169.0
2004-01-08,1170.0
2004-01-09,1171.0
2004-01-12,1171.0
2004-01-13,1172.0
2004-01-14,1172.0
2004-01-15,1172.0
2004-01-16,1171.0
2004-01-17,1172.0
2004-01-18,1172.0
2004-01-19,1172.0
2004-01-20,1170.0
2004-01-21,1170.0
2004-01-22,1170.0
2004-01-23,1169.0
2004-01-24,1170.0
2004-01-25,1170.0
2004-01-26,1170.0
2004-01-27,1169.0
2004-01-28,1170.0
2004-01-29,1168.0
2004-01-30,1171.0
2004-01-31,1170.0
2004-02-01,1170.0
2004-02-02,1170.0
2004-02-03,1171.0
2004-02-04,1171.0
2004-02-05,1171.0
2004-02-06,1172.0
2004-02-07,1172.0
2004-02-08,1172.0
2004-02-09,1172.0
2004-02-10,1173.0
2004-02-11,1173.0
2004-02-12,1173.0
2004-02-13,1173.0
2004-02-14,1173.0
2004-02-15,1173.0
2004-02-16,1173.0
2004-02-17,1173.0
2004-02-18,1173.0
2004-02-19,1174.0
2004-02-20,1174.0
2004-02-21,1174.0
2004-02-22,1174.0
2004-02-23,1174.0
2004-02-24,1175.0
2004-02-25,1174.0
2004-02-26,1174.0
2004-02-27,1176.0
2004-02-28,1176.0
2004-02-29,1176.0
2004-03-01,1176.0
2004-03-02,1176.0
2004-03-03,1176.0
2004-03-04,1176.0
2004-03-05,1176.0
2004-03-06,1177.0
2004-03-07,1177.0
2004-03-08,1177.0
2004-03-09,1177.0
2004-03-10,1177.0
2004-03-11,1177.0
2004-03-12,1177.0
2004-03-13,1176.0
2004-03-14,1176.0
2004-03-15,1176.0
2004-03-16,1178.0
2004-03-17,1178.0
2004-03-18,1179.0
2004-03-19,1179.0
2004-03-20,1179.0
2004-03-21,1179.0
2004-03-22,1179.0
2004-03-23,1180.0
2004-03-24,1180.0
2004-03-25,1179.0
2004-03-26,1179.0
2004-03-27,1177.0
2004-03-28,1177.0
2004-03-29,1177.0
2004-03-30,1177.0
2004-03-31,1177.0
2004-04-01,1177.0
2004-04-02,1176.0
2004-04-03,1176.0
2004-04-04,1176.0
2004-04-05,1176.0
2004-04-06,1176.0
2004-04-07,1174.0
2004-04-08,1175.0
2004-04-09,1173.0
2004-04-10,1173.0
2004-04-11,1173.0
2004-04-12,1173.0
2004-04-13,1173.0
2004-04-14,1173.0
2004-04-15,1172.0
2004-04-16,1173.0
2004-04-17,1172.0
2004-04-18,1172.0
2004-04-19,1172.0
2004-04-20,1173.0
2004-04-21,1172.0
2004-04-22,1173.0
2004-04-23,1171.0
2004-04-24,1171.0
2004-04-25,1171.0
2004-04-26,1171.0
2004-04-27,1171.0
2004-04-28,1171.0
2004-04-29,1170.0
2004-04-30,1170.0
2004-05-01,1169.0
2004-05-02,1169.0
2004-05-03,1169.0
2004-05-04,1167.0
2004-05-05,1167.0
2004-05-06,1166.0
2004-05-07,1165.0
2004-05-08,1165.0
2004-05-09,1165.0
2004-05-10,1165.0
2004-05-11,1165.0
2004-05-12,1164.0
2004-05-13,1164.0
2004-05-14,1163.0
2004-05-15,1163.0
2004-05-16,1163.0
2004-05-17,1163.0
2004-05-18,1162.0
2004-05-19,1162.0
2004-05-20,1160.0
2004-05-21,1161.0
2004-05-22,1160.0
2004-05-23,1160.0
2004-05-24,1160.0
2004-05-25,1161.0
2004-05-26,1161.0
2004-05-27,1162.0
2004-05-28,1161.0
2004-05-29,1159.0
2004-05-30,1159.0
2004-05-31,1159.0
2004-06-01,1159.0
2004-06-02,1159.0
2004-06-03,1160.0
2004-06-04,1160.0
2004-06-05,1161.0
2004-06-06,1161.0
2004-06-07,1161.0
2004-06-08,1161.0
2004-06-09,1161.0
2004-06-10,1161.0
2004-06-11,1162.0
2004-06-12,1162.0
2004-06-13,1162.0
2004-06-14,1162.0
2004-06-15,1167.0
2004-06-16,1169.0
2004-06-17,1169.0
2004-06-18,1170.0
2004-06-19,1170.0
2004-06-20,1170.0
2004-06-21,1170.0
2004-06-22,1172.0
2004-06-23,1172.0
2004-06-24,1174.0
2004-06-25,1174.0
2004-06-26,1174.0
2004-06-27,1174.0
2004-06-28,1174.0
2004-06-29,1174.0
2004-06-30,1174.0
2004-07-01,1174.0
2004-07-02,1174.0
2004-07-03,1174.0
2004-07-04,1174.0
2004-07-05,1174.0
2004-07-06,1177.0
2004-07-07,1179.0
2004-07-08,1179.0
2004-07-09,1180.0
2004-07-10,1180.0
2004-07-11,1180.0
2004-07-12,1180.0
2004-07-13,1180.0
2004-07-14,1180.0
2004-07-15,1181.0
2004-07-16,1181.0
2004-07-17,1183.0
2004-07-18,1183.0
2004-07-19,1183.0
2004-07-20,1183.0
2004-07-21,1185.0
2004-07-22,1185.0
2004-07-23,1186.0
2004-07-24,1187.0
2004-07-25,1187.0
2004-07-26,1187.0
2004-07-27,1187.0
2004-07-28,1188.0
2004-07-29,1188.0
2004-07-30,1188.0
2004-07-31,1188.0
2004-08-01,1188.0
2004-08-02,1188.0
2004-08-03,1187.0
2004-08-04,1189.0
2004-08-05,1188.0
2004-08-06,1190.0
2004-08-07,1189.0
2004-08-08,1189.0
2004-08-09,1189.0
2004-08-10,1189.0
2004-08-11,1191.0
2004-08-12,1192.0
2004-08-13,1192.0
2004-08-14,1191.0
2004-08-15,1191.0
2004-08-16,1191.0
2004-08-17,1193.0
2004-08-18,1195.0
2004-08-19,1195.0
2004-08-20,1194.0
2004-08-21,1194.0
2004-08-22,1194.0
2004-08-23,1194.0
2004-08-24,1193.0
2004-08-25,1192.0
2004-08-26,1193.0
2004-08-27,1193.0
2004-08-28,1194.0
2004-08-29,1194.0
2004-08-30,1194.0
2004-08-31,1193.0
2004-09-01,1193.0
2004-09-02,1193.0
2004-09-03,1195.0
2004-09-04,1194.0
2004-09-05,1194.0
2004-09-06,1194.0
2004-09-07,1196.0
2004-09-08,1196.0
2004-09-09,1198.0
2004-09-10,1197.0
2004-09-11,1198.0
2004-09-12,1198.0
2004-09-13,1198.0
2004-09-14,1199.0
2004-09-15,1201.0
2004-09-16,1200.0
2004-09-17,1201.0
2004-09-18,1201.0
2004-09-19,1201.0
2004-09-20,1201.0
2004-09-21,1202.0
2004-09-22,1202.0
2004-09-23,1202.0
2004-09-24,1202.0
2004-09-25,1202.0
2004-09-26,1202.0
2004-09-27,1202.0
2004-09-28,1202.0
2004-09-29,1202.0
2004-09-30,1202.0
2004-10-01,1202.0
2004-10-02,1202.0
2004-10-03,1202.0
2004-10-04,1202.0
2004-10-05,1202.0
2004-10-06,1202.0
2004-10-07,1202.0
2004-10-08,1203.0
2004-10-09,1203.0
2004-10-10,1203.0
2004-10-11,1203.0
2004-10-12,1204.0
2004-10-13,1204.0
2004-10-14,1204.0
2004-10-15,1204.0
2004-10-16,1204.0
2004-10-17,1204.0
2004-10-18,1204.0
2004-10-19,1205.0
2004-10-20,1205.0
2004-10-21,1206.0
2004-10-22,1206.0
2004-10-23,1206.0
2004-10-24,1206.0
2004-10-25,1206.0
2004-10-26,1207.0
2004-10-27,1208.0
2004-10-28,1207.0
2004-10-29,1207.0
2004-10-30,1207.0
2004-10-31,1207.0
2004-11-01,1207.0
2004-11-02,1208.0
2004-11-03,1208.0
2004-11-04,1208.0
2004-11-05,1208.0
2004-11-06,1208.0
2004-11-07,1208.0
2004-11-08,1208.0
2004-11-09,1208.0
2004-11-10,1209.0
2004-11-11,1209.0
2004-11-12,1209.0
2004-11-13,1209.0
2004-11-14,1209.0
2004-11-15,1209.0
2004-11-16,1209.0
2004-11-17,1210.0
2004-11-18,1210.0
2004-11-19,1211.0
2004-11-20,1211.0
2004-11-21,1211.0
2004-11-22,1211.0
2004-11-23,1212.0
2004-11-24,1213.0
2004-11-25,1213.0
2004-11-26,1214.0
2004-11-27,1214.0
2004-11-28,1214.0
2004-11-29,1214.0
2004-11-30,1214.0
2004-12-01,1214.0
2004-12-02,1214.0
2004-12-03,1213.0
2004-12-04,1213.0
2004-12-05,1213.0
2004-12-06,1213.0
2004-12-07,1214.0
2004-12-08,1214.0
2004-12-09,1214.0
2004-12-10,1214.0
2004-12-11,1212.0
2004-12-12,1212.0
2004-12-13,1212.0
2004-12-14,1212.0
2004-12-15,1212.0
2004-12-16,1211.0
2004-12-17,1211.0
2004-12-18,1211.0
2004-12-19,1211.0
2004-12-20,1211.0
2004-12-21,1212.0
2004-12-22,1212.0
2004-12-23,1211.0
2004-12-24,1211.0
2004-12-25,1210.0
2004-12-26,1210.0
2004-12-27,1210.0
2004-12-28,1210.0
2004-12-29,1210.0
2004-12-30,1209.0
2004-12-31,1209.0
2005-01-01,1209.0
2005-01-02,1209.0
2005-01-03,1209.0
2005-01-04,1210.0
2005-01-05,1210.0
2005-01-06,1210.0
2005-01-07,1211.0
2005-01-08,1211.0
2005-01-09,1211.0
2005-01-10,1211.0
2005-01-11,1212.0
2005-01-12,1212.0
2005-01-13,1212.0
2005-01-14,1213.0
2005-01-15,1213.0
2005-01-16,1213.0
2005-01-17,1213.0
2005-01-18,1213.0
2005-01-19,1213.0
2005-01-20,1211.0
2005-01-21,1212.0
2005-01-22,1212.0
2005-01-23,1212.0
2005-01-24,1212.0
2005-01-25,1210.0
2005-01-26,1209.0
2005-01-27,1209.0
2005-01-28,1209.0
2005-01-29,1208.0
2005-01-30,1208.0
2005-02-01,1208.0
2005-02-02,1208.0
2005-02-03,1208.0
2005-02-04,1208.0
2005-02-05,1208.0
2005-02-06,1208.0
2005-02-07,1208.0
2005-02-08,1207.0
2005-02-09,1208.0
2005-02-10,1208.0
2005-02-11,1208.0
2005-02-12,1208.0
2005-02-13,1208.0
2005-02-14,1208.0
2005-02-15,1209.0
2005-02-16,1209.0
2005-02-17,1209.0
2005-02-18,1209.0
2005-02-19,1210.0
2005-02-20,1210.0
2005-02-21,1210.0
2005-02-22,1210.0
2005-02-23,1209.0
2005-02-24,1209.0
2005-02-25,1209.0
2005-02-26,1208.0
2005-02-27,1208.0
2005-02-28,1208.0
2005-03-01,1207.0
2005-03-02,1206.0
2005-03-03,1206.0
2005-03-04,1206.0
2005-03-05,1206.0
2005-03-06,1206.0
2005-03-07,1206.0
2005-03-08,1205.0
2005-03-09,1205.0
2005-03-10,1205.0
2005-03-11,1205.0
2005-03-12,1204.0
2005-03-13,1204.0
2005-03-14,1204.0
2005-03-15,1204.0
2005-03-16,1204.0
2005-03-17,1204.0
2005-03-18,1204.0
2005-03-19,1204.0
2005-03-20,1204.0
2005-03-21,1204.0
2005-03-22,1202.0
2005-03-23,1202.0
2005-03-24,1201.0
2005-03-25,1199.0
2005-03-26,1198.0
2005-03-27,1198.0
2005-03-28,1198.0
2005-03-29,1197.0
2005-03-30,1195.0
2005-03-31,1192.0
2005-04-01,1191.0
2005-04-02,1190.0
2005-04-03,1190.0
2005-04-04,1190.0
2005-04-05,1189.0
2005-04-06,1188.0
2005-04-07,1187.0
2005-04-08,1186.0
2005-04-09,1186.0
2005-04-10,1186.0
2005-04-11,1186.0
2005-04-12,1185.0
2005-04-13,1185.0
2005-04-14,1185.0
2005-04-15,1185.0
2005-04-16,1185.0
2005-04-17,1185.0
2005-04-18,1185.0
2005-04-19,1186.0
2005-04-20,1186.0
2005-04-21,1187.0
2005-04-22,1187.0
2005-04-23,1186.0
2005-04-24,1186.0
2005-04-25,1186.0
2005-04-26,1188.0
2005-04-27,1188.0
2005-04-28,1188.0
2005-04-29,1188.0
2005-04-30,1188.0
2005-05-01,1188.0
2005-05-02,1188.0
2005-05-03,1188.0
2005-05-04,1187.0
2005-05-05,1187.0
2005-05-06,1187.0
2005-05-07,1187.0
2005-05-08,1187.0
2005-05-09,1187.0
2005-05-10,1187.0
2005-05-11,1187.0
2005-05-12,1187.0
2005-05-13,1187.0
2005-05-14,1188.0
2005-05-15,1188.0
2005-05-16,1188.0
2005-05-17,1187.0
2005-05-18,1188.0
2005-05-19,1188.0
2005-05-20,1188.0
2005-05-21,1189.0
2005-05-22,1189.0
2005-05-23,1189.0
2005-05-24,1189.0
2005-05-25,1189.0
2005-05-26,1189.0
2005-05-27,1189.0
2005-05-28,1189.0
2005-05-29,1189.0
2005-05-30,1189.0
2005-05-31,1189.0
2005-06-01,1189.0
2005-06-02,1189.0
2005-06-03,1189.0
2005-06-04,1189.0
2005-06-05,1189.0
2005-06-06,1189.0
2005-06-07,1189.0
2005-06-08,1189.0
2005-06-09,1189.0
2005-06-10,1189.0
2005-06-11,1189.0
2005-06-12,1189.0
2005-06-13,1189.0
2005-06-14,1189.0
2005-06-15,1190.0
2005-06-16,1190.0
2005-06-17,1190.0
2005-06-18,1191.0
2005-06-19,1191.0
2005-06-20,1191.0
2005-06-21,1191.0
2005-06-22,1192.0
2005-06-23,1193.0
2005-06-24,1193.0
2005-06-25,1193.0
2005-06-26,1193.0
2005-06-27,1193.0
2005-06-28,1193.0
2005-06-29,1193.0
2005-06-30,1193.0
2005-07-01,1193.0
2005-07-02,1193.0
2005-07-03,1193.0
2005-07-04,1193.0
2005-07-05,1194.0
2005-07-06,1194.0
2005-07-07,1194.0
2005-07-08,1194.0
2005-07-09,1194.0
2005-07-10,1194.0
2005-07-11,1194.0
2005-07-12,1194.0
2005-07-13,1194.0
2005-07-14,1194.0
2005-07-15,1194.0
2005-07-16,1194.0
2005-07-17,1194.0
2005-07-18,1194.0
2005-07-19,1193.0
2005-07-20,1193.0
2005-07-21,1193.0
2005-07-22,1193.0
2005-07-23,1193.0
2005-07-24,1193.0
2005-07-25,1193.0
2005-07-26,1193.0
2005-07-27,1193.0
2005-07-28,1193.0
2005-07-29,1193.0
2005-07-30,1193.0
2005-07-31,1193.0
2005-08-01,1193.0
2005-08-02,1194.0
2005-08-03,1194.0
2005-08-04,1195.0
2005-08-05,1196.0
2005-08-06,1196.0
2005-08-07,1196.0
2005-08-08,1196.0
2005-08-09,1197.0
2005-08-10,1198.0
2005-08-11,1198.0
2005-08-12,1198.0
2005-08-13,1200.0
2005-08-14,1200.0
2005-08-15,1200.0
2005-08-16,1200.0
2005-08-17,1201.0
2005-08-18,1201.0
2005-08-19,1203.0
2005-08-20,1203.0
2005-08-21,1203.0
2005-08-22,1203.0
2005-08-23,1204.0
2005-08-24,1204.0
2005-08-25,1204.0
2005-08-26,1205.0
2005-08-27,1205.0
2005-08-28,1205.0
2005-08-29,1205.0
2005-08-30,1205.0
2005-08-31,1205.0
2005-09-01,1206.0
2005-09-02,1207.0
2005-09-03,1207.0
2005-09-04,1207.0
2005-09-05,1207.0
2005-09-06,1208.0
2005-09-07,1209.0
2005-09-08,1210.0
2005-09-09,1211.0
2005-09-10,1211.0
2005-09-11,1211.0
2005-09-12,1211.0
2005-09-13,1213.0
2005-09-14,1215.0
2005-09-15,1215.0
2005-09-16,1215.0
2005-09-17,1215.0
2005-09-18,1215.0
2005-09-19,1215.0
2005-09-20,1215.0
2005-09-21,1215.0
2005-09-22,1215.0
2005-09-23,1215.0
2005-09-24,1215.0
2005-09-25,1215.0
2005-09-26,1215.0
2005-09-27,1215.0
2005-09-28,1215.0
2005-09-29,1215.0
2005-09-30,1215.0
2005-10-01,1216.0
2005-10-02,1216.0
2005-10-03,1216.0
2005-10-04,1216.0
2005-10-05,1217.0
2005-10-06,1217.0
2005-10-07,1218.0
2005-10-08,1218.0
2005-10-09,1218.0
2005-10-10,1218.0
2005-10-11,1218.0
2005-10-12,1218.0
2005-10-13,1218.0
2005-10-14,1218.0
2005-10-15,1218.0
2005-10-16,1218.0
2005-10-17,1218.0
2005-10-18,1219.0
2005-10-19,1220.0
2005-10-20,1220.0
2005-10-21,1220.0
2005-10-22,1220.0
2005-10-23,1220.0
2005-10-24,1220.0
2005-10-25,1221.0
2005-10-26,1221.0
2005-10-27,1221.0
2005-10-28,1221.0
2005-10-29,1221.0
2005-10-30,1221.0
2005-10-31,1221.0
2005-11-01,1221.0
2005-11-02,1221.0
2005-11-03,1221.0
2005-11-04,1221.0
2005-11-05,1221.0
2005-11-06,1221.0
2005-11-07,1221.0
2005-11-08,1222.0
2005-11-09,1223.0
2005-11-10,1223.0
2005-11-11,1223.0
2005-11-12,1224.0
2005-11-13,1224.0
2005-11-14,1224.0
2005-11-15,1224.0
2005-11-16,1225.0
2005-11-17,1225.0
2005-11-18,1225.0
2005-11-19,1226.0
2005-11-20,1226.0
2005-11-21,1226.0
2005-11-22,1227.0
2005-11-23,1227.0
2005-11-24,1227.0
2005-11-25,1227.0
2005-11-26,1227.0
2005-11-27,1227.0
2005-11-28,1227.0
2005-11-29,1228.0
2005-11-30,1228.0
2005-12-01,1229.0
2005-12-02,1229.0
2005-12-03,1228.0
2005-12-04,1228.0
2005-12-05,1228.0
2005-12-06,1229.0
2005-12-07,1229.0
2005-12-08,1229.0
2005-12-09,1229.0
2005-12-10,1230.0
2005-12-11,1230.0
2005-12-12,1230.0
2005-12-13,1230.0
2005-12-14,1229.0
2005-12-15,1228.0
2005-12-16,1228.0
2005-12-17,1227.0
2005-12-18,1227.0
2005-12-19,1227.0
2005-12-20,1227.0
2005-12-21,1226.0
2005-12-22,1225.0
2005-12-23,1225.0
2005-12-24,1224.0
2005-12-25,1224.0
2005-12-26,1224.0
2005-12-27,1223.0
2005-12-28,1222.0
2005-12-29,1221.0
2005-12-30,1221.0
2005-12-31,1221.0
2006-01-01,1221.0
2006-01-02,1221.0
2006-01-03,1221.0
2006-01-04,1221.0
2006-01-05,1222.0
2006-01-06,1223.0
2006-01-07,1223.0
2006-01-08,1223.0
2006-01-09,1223.0
2006-01-10,1223.0
2006-01-11,1223.0
2006-01-12,1223.0
2006-01-13,1223.0
2006-01-16,1223.0
2006-01-17,1223.0
2006-01-18,1222.0
2006-01-19,1221.0
2006-01-20,1220.0
2006-01-23,1220.0
2006-01-24,1219.0
2006-01-25,1218.0
2006-01-26,1218.0
2006-01-27,1217.0
2006-01-30,1216.0
2006-01-31,1216.0
2006-02-01,1216.0
2006-02-02,1215.0
2006-02-03,1215.0
2006-02-06,1215.0
2006-02-07,1215.0
2006-02-08,1215.0
2006-02-09,1214.0
2006-02-10,1214.0
2006-02-13,1213.0
2006-02-14,1212.0
2006-02-15,1211.0
2006-02-16,1211.0
2006-02-17,1210.0
2006-02-20,1209.0
2006-02-21,1209.0
2006-02-22,1206.0
2006-02-23,1206.0
2006-02-24,1204.0
2006-02-27,1202.0
2006-02-28,1200.0
2006-03-01,1198.0
2006-03-02,1197.0
2006-03-03,1196.0
2006-03-06,1193.0
2006-03-07,1190.0
2006-03-08,1189.0
2006-03-09,1189.0
2006-03-10,1188.0
2006-03-13,1187.0
2006-03-14,1187.0
2006-03-15,1186.0
2006-03-16,1185.0
2006-03-17,1182.0
2006-03-20,1181.0
2006-03-21,1179.0
2006-03-22,1175.0
2006-03-23,1173.0
2006-03-24,1173.0
2006-03-27,1173.0
2006-03-28,1173.0
2006-03-29,1173.0
2006-03-30,1174.0
2006-03-31,1174.0
2006-04-03,1175.0
2006-04-04,1178.0
2006-04-05,1177.0
2006-04-06,1180.0
2006-04-07,1180.0
2006-04-10,1183.0
2006-04-11,1186.0
2006-04-12,1187.0
2006-04-13,1187.0
2006-04-14,1189.0
2006-04-17,1189.0
2006-04-18,1190.0
2006-04-19,1190.0
2006-04-20,1190.0
2006-04-21,1190.0
2006-04-24,1191.0
2006-04-25,1192.0
2006-04-26,1192.0
2006-04-27,1192.0
2006-04-28,1192.0
2006-05-01,1191.0
2006-05-02,1191.0
2006-05-03,1190.0
2006-05-04,1189.0
2006-05-05,1189.0
2006-05-08,1188.0
2006-05-09,1186.0
2006-05-10,1186.0
2006-05-11,1186.0
2006-05-12,1185.0
2006-05-15,1184.0
2006-05-16,1184.0
2006-05-17,1183.0
2006-05-18,1180.0
2006-05-19,1180.0
2006-05-22,1179.0
2006-05-23,1178.0
2006-05-24,1178.0
2006-05-25,1177.0
2006-05-26,1177.0
2006-05-29,1176.0
2006-05-30,1176.0
2006-05-31,1175.0
2006-06-01,1174.0
2006-06-02,1174.0
2006-06-05,1174.0
2006-06-06,1174.0
2006-06-07,1172.0
2006-06-08,1171.0
2006-06-09,1172.0
2006-06-12,1171.0
2006-06-13,1171.0
2006-06-14,1170.0
2006-06-15,1170.0
2006-06-16,1170.0
2006-06-19,1170.0
2006-06-20,1170.0
2006-06-21,1170.0
2006-06-22,1171.0
2006-06-23,1171.0
2006-06-26,1171.0
2006-06-27,1171.0
2006-06-28,1172.0
2006-06-29,1172.0
2006-06-30,1172.0
2006-07-03,1173.0
2006-07-04,1171.0
2006-07-05,1172.0
2006-07-06,1171.0
2006-07-07,1169.0
2006-07-10,1171.0
2006-07-11,1171.0
2006-07-12,1171.0
2006-07-13,1171.0
2006-07-14,1171.0
2006-07-17,1171.0
2006-07-18,1170.0
2006-07-19,1170.0
2006-07-20,1169.0
2006-07-21,1169.0
2006-07-24,1169.0
2006-07-25,1169.0
2006-07-26,1169.0
2006-07-27,1169.0
2006-07-28,1169.0
2006-07-31,1169.0
2006-08-01,1168.0
2006-08-02,1168.0
2006-08-03,1168.0
2006-08-04,1168.0
2006-08-07,1168.0
2006-08-08,1168.0
2006-08-09,1168.0
2006-08-10,1169.0
2006-08-11,1169.0
2006-08-14,1169.0
2006-08-15,1169.0
2006-08-16,1168.0
2006-08-17,1169.0
2006-08-18,1168.0
2006-08-21,1169.0
2006-08-22,1169.0
2006-08-23,1168.0
2006-08-24,1168.0
2006-08-25,1168.0
2006-08-28,1168.0
2006-08-29,1168.0
2006-08-30,1168.0
2006-08-31,1168.0
2006-09-01,1168.0
2006-09-04,1167.0
2006-09-05,1168.0
2006-09-06,1167.0
2006-09-07,1167.0
2006-09-08,1167.0
2006-09-11,1167.0
2006-09-12,1168.0
2006-09-13,1168.0
2006-09-14,1168.0
2006-09-15,1168.0
2006-09-18,1168.0
2006-09-19,1168.0
2006-09-20,1168.0
2006-09-21,1168.0
2006-09-22,1168.0
2006-09-25,1168.0
2006-09-26,1168.0
2006-09-27,1168.0
2006-09-28,1168.0
2006-09-29,1168.0
2006-10-02,1168.0
2006-10-03,1168.0
2006-10-04,1168.0
2006-10-05,1168.0
2006-10-06,1168.0
2006-10-09,1168.0
2006-10-10,1167.0
2006-10-11,1167.0
2006-10-12,1167.0
2006-10-13,1167.0
2006-10-16,1166.0
2006-10-17,1167.0
2006-10-18,1167.0
2006-10-19,1167.0
2006-10-20,1166.0
2006-10-23,1166.0
2006-10-24,1166.0
2006-10-25,1166.0
2006-10-26,1165.0
2006-10-27,1165.0
2006-10-30,1165.0
2006-10-31,1165.0
2006-11-01,1165.0
2006-11-02,1165.0
2006-11-03,1165.0
2006-11-06,1164.0
2006-11-07,1164.0
2006-11-08,1164.0
2006-11-09,1164.0
2006-11-10,1164.0
2006-11-13,1164.0
2006-11-14,1164.0
2006-11-15,1164.0
2006-11-16,1164.0
2006-11-17,1164.0
2006-11-20,1164.0
2006-11-21,1164.0
2006-11-22,1164.0
2006-11-23,1164.0
2006-11-24,1164.0
2006-11-27,1164.0
2006-11-28,1164.0
2006-11-29,1164.0
2006-11-30,1164.0
2006-12-01,1164.0
2006-12-04,1164.0
2006-12-05,1164.0
2006-12-06,1165.0
2006-12-07,1165.0
2006-12-08,1165.0
2006-12-11,1165.0
2006-12-12,1165.0
2006-12-13,1165.0
2006-12-14,1165.0
2006-12-15,1165.0
2006-12-18,1165.0
2006-12-19,1165.0
2006-12-20,1165.0
2006-12-21,1165.0
2006-12-22,1165.0
2006-12-25,1165.0
2006-12-26,1165.0
2006-12-27,1165.0
2006-12-28,1165.0
2006-12-29,1165.0
2007-01-01,1165.0
2007-01-02,1165.0
2007-01-03,1165.0
2007-01-04,1166.0
2007-01-05,1165.0
2007-01-08,1166.0
2007-01-09,1165.0
2007-01-10,1166.0
2007-01-11,1165.0
2007-01-12,1165.0
2007-01-15,1165.0
2007-01-16,1165.0
2007-01-17,1165.0
2007-01-18,1165.0
2007-01-19,1165.0
2007-01-22,1166.0
2007-01-23,1166.0
2007-01-24,1166.0
2007-01-25,1166.0
2007-01-26,1166.0
2007-01-29,1166.0
2007-01-30,1166.0
2007-01-31,1166.0
2007-02-01,1165.0
2007-02-02,1165.0
2007-02-05,1165.0
2007-02-06,1165.0
2007-02-07,1165.0
2007-02-08,1165.0
2007-02-09,1165.0
2007-02-12,1165.0
2007-02-13,1165.0
2007-02-14,1164.0
2007-02-15,1165.0
2007-02-16,1164.0
2007-02-19,1165.0
2007-02-20,1165.0
2007-02-21,1164.0
2007-02-22,1164.0
2007-02-23,1164.0
2007-02-26,1164.0
2007-02-27,1164.0
2007-02-28,1164.0
2007-03-01,1164.0
2007-03-02,1164.0
2007-03-05,1164.0
2007-03-06,1164.0
2007-03-07,1164.0
2007-03-08,1164.0
2007-03-09,1164.0
2007-03-12,1164.0
2007-03-13,1164.0
2007-03-14,1164.0
2007-03-15,1165.0
2007-03-16,1165.0
2007-03-19,1165.0
2007-03-20,1165.0
2007-03-21,1165.0
2007-03-22,1165.0
2007-03-23,1165.0
2007-03-26,1165.0
2007-03-27,1165.0
2007-03-28,1165.0
2007-03-29,1165.0
2007-03-30,1165.0
2007-04-02,1165.0
2007-04-03,1165.0
2007-04-04,1165.0
2007-04-05,1165.0
2007-04-06,1165.0
2007-04-09,1165.0
2007-04-10,1165.0
2007-04-11,1165.0
2007-04-12,1165.0
2007-04-13,1165.0
2007-04-16,1165.0
2007-04-17,1165.0
2007-04-18,1165.0
2007-04-19,1165.0
2007-04-20,1165.0
2007-04-23,1165.0
2007-04-24,1165.0
2007-04-25,1165.0
2007-04-26,1165.0
2007-04-27,1165.0
2007-04-30,1165.0
2007-05-01,1165.0
2007-05-02,1165.0
2007-05-03,1165.0
2007-05-04,1165.0
2007-05-07,1165.0
2007-05-08,1165.0
2007-05-09,1165.0
2007-05-10,1165.0
2007-05-11,1165.0
2007-05-14,1165.0
2007-05-15,1165.0
2007-05-16,1165.0
2007-05-17,1165.0
2007-05-18,1165.0
2007-05-21,1165.0
2007-05-22,1165.0
2007-05-23,1165.0
2007-05-24,1165.0
2007-05-25,1165.0
2007-05-28,1165.0
2007-05-29,1165.0
2007-05-30,1165.0
2007-05-31,1165.0
2007-06-01,1165.0
2007-06-04,1165.0
2007-06-05,1164.0
2007-06-06,1164.0
2007-06-07,1164.0
2007-06-08,1164.0
2007-06-11,1164.0
2007-06-12,1164.0
2007-06-13,1164.0
2007-06-14,1164.0
2007-06-15,1164.0
2007-06-18,1164.0
2007-06-19,1164.0
2007-06-20,1164.0
2007-06-21,1164.0
2007-06-22,1164.0
2007-06-25,1164.0
2007-06-26,1163.91
2007-06-27,1163.72
2007-06-28,1163.52
2007-06-29,1163.63
2007-07-02,1163.85
2007-07-03,1163.55
2007-07-04,1163.63
2007-07-05,1163.44
2007-07-06,1163.81
2007-07-09,1163.78
2007-07-10,1164.16
2007-07-11,1163.87
2007-07-12,1163.87
2007-07-13,1163.87
2007-07-16,1163.87
2007-07-17,1164.07
2007-07-18,1163.77
2007-07-19,1164.24
2007-07-20,1164.01
2007-07-23,1164.18
2007-07-24,1164.17
2007-07-25,1164.47
2007-07-26,1164.56
2007-07-27,1164.59
2007-07-30,1164.86
2007-07-31,1165.13
2007-08-01,1165.77
2007-08-02,1166.83
2007-08-03,1166.6
2007-08-06,1168.36
2007-08-07,1171.13
2007-08-08,1174.86
2007-08-09,1178.34
2007-08-10,1179.91
2007-08-13,1183.31
2007-08-14,1180.39
2007-08-15,1181.55
2007-08-16,1182.99
2007-08-17,1183.96
2007-08-20,1185.05
2007-08-21,1185.23
2007-08-22,1186.07
2007-08-23,1185.83
2007-08-24,1186.39
2007-08-27,1186.03
2007-08-28,1187.15
2007-08-29,1186.15
2007-08-30,1187.25
2007-08-31,1187.28
2007-09-03,1187.1
2007-09-04,1187.83
2007-09-05,1188.2
2007-09-06,1188.69
2007-09-07,1189.16
2007-09-10,1187.96
2007-09-11,1189.48
2007-09-12,1188.94
2007-09-13,1189.82
2007-09-14,1186.3
2007-09-17,1188.66
2007-09-18,1189.08
2007-09-19,1189.62
2007-09-20,1190.09
2007-09-21,1188.38
2007-09-24,1187.81
2007-09-25,1186.68
2007-09-26,1186.08
2007-09-27,1184.34
2007-09-28,1184.26
2007-10-01,1183.72
2007-10-02,1183.23
2007-10-03,1182.55
2007-10-04,1182.2
2007-10-05,1181.67
2007-10-08,1180.83
2007-10-09,1181.02
2007-10-10,1179.69
2007-10-11,1179.41
2007-10-12,1179.01
2007-10-15,1179.77
2007-10-16,1179.35
2007-10-17,1179.55
2007-10-18,1178.55
2007-10-19,1178.9
2007-10-22,1178.61
2007-10-23,1178.28
2007-10-24,1178.28
2007-10-25,1178.84
2007-10-26,1178.61
2007-10-29,1178.36
2007-10-30,1177.78
2007-10-31,1177.51
2007-11-01,1177.91
2007-11-02,1176.81
2007-11-05,1176.66
2007-11-06,1175.6
2007-11-07,1175.58
2007-11-08,1175.35
2007-11-09,1174.18
2007-11-12,1174.22
2007-11-13,1173.8
2007-11-14,1173.25
2007-11-15,1173.49
2007-11-16,1173.04
2007-11-19,1173.2
2007-11-20,1173.15
2007-11-21,1172.91
2007-11-22,1172.57
2007-11-23,1172.7
2007-11-27,1172.51
2007-11-28,1172.26
2007-11-29,1171.43
2007-11-30,1171.82
2007-12-03,1171.18
2007-12-04,1171.19
2007-12-05,1170.62
2007-12-06,1170.96
2007-12-07,1170.66
2007-12-10,1170.18
2007-12-11,1170.35
2007-12-12,1170.55
2007-12-13,1169.37
2007-12-14,1169.69
2007-12-17,1169.82
2007-12-18,1170.04
2007-12-19,1170.09
2007-12-20,1169.89
2007-12-21,1169.92
2007-12-24,1169.94
2007-12-25,1169.99
2007-12-26,1170.15
2007-12-27,1170.19
2007-12-28,1169.97
2008-01-02,1169.97
2008-01-03,1169.97
2008-01-04,1169.97
2008-01-07,1169.81
2008-01-08,1170.11
2008-01-09,1170.24
2008-01-10,1170.24
2008-01-11,1170.24
2008-01-14,1170.24
2008-01-15,1170.24
2008-01-16,1170.65
2008-01-17,1170.44
2008-01-18,1171.0
2008-01-21,1170.84
2008-01-22,1171.16
2008-01-23,1171.06
2008-01-24,1171.3
2008-01-25,1171.3
2008-01-28,1171.69
2008-01-29,1171.59
2008-01-30,1171.73
2008-01-31,1171.77
2008-02-01,1171.76
2008-02-04,1171.83
2008-02-05,1171.77
2008-02-06,1171.79
2008-02-07,1171.84
2008-02-11,1171.7
2008-02-12,1171.66
2008-02-13,1171.39
2008-02-14,1171.49
2008-02-15,1171.36
2008-02-18,1171.37
2008-02-19,1171.46
2008-02-20,1171.56
2008-02-21,1171.54
2008-02-22,1171.56
2008-02-25,1171.73
2008-02-26,1171.74
2008-02-27,1172.06
2008-02-28,1172.03
2008-02-29,1171.82
2008-03-03,1172.17
2008-03-04,1172.15
2008-03-05,1171.99
2008-03-06,1172.31
2008-03-07,1172.23
2008-03-10,1172.34
2008-03-11,1172.01
2008-03-12,1172.39
2008-03-13,1172.2
2008-03-14,1172.4
2008-03-17,1172.37
2008-03-18,1171.51
2008-03-19,1170.63
2008-03-20,1170.0
2008-03-21,1169.25
2008-03-24,1169.0
2008-03-25,1168.85
2008-03-26,1168.75
2008-03-27,1168.55
2008-03-28,1168.38
2008-03-31,1168.17
2008-04-01,1168.07
2008-04-02,1168.06
2008-04-03,1167.97
2008-04-04,1167.95
2008-04-07,1167.73
2008-04-08,1167.65
2008-04-09,1167.54
2008-04-10,1167.4
2008-04-11,1167.3
2008-04-14,1167.09
2008-04-15,1167.08
2008-04-16,1166.96
2008-04-17,1166.7
2008-04-18,1166.67
2008-04-21,1165.9
2008-04-22,1165.8
2008-04-23,1165.7
2008-04-24,1165.1
2008-04-25,1165.2
2008-04-28,1165.01
2008-04-29,1164.95
2008-04-30,1164.94
2008-05-01,1164.99
2008-05-02,1164.94
2008-05-05,1164.45
2008-05-06,1164.44
2008-05-07,1164.04
2008-05-08,1164.1
2008-05-09,1163.93
2008-05-12,1163.9
2008-05-13,1163.81
2008-05-14,1163.65
2008-05-15,1163.7
2008-05-16,1163.5
2008-05-19,1163.5
2008-05-20,1162.5
2008-05-21,1162.45
2008-05-22,1162.39
2008-05-23,1162.2
2008-05-26,1162.31
2008-05-27,1162.07
2008-05-28,1161.95
2008-05-29,1161.59
2008-05-30,1161.37
2008-06-02,1161.31
2008-06-03,1161.01
2008-06-04,1160.67
2008-06-05,1160.73
2008-06-06,1160.26
2008-06-09,1159.96
2008-06-10,1159.9
2008-06-11,1159.39
2008-06-12,1159.06
2008-06-13,1158.95
2008-06-16,1158.59
2008-06-17,1158.99
2008-06-18,1158.64
2008-06-19,1158.57
2008-06-20,1158.19
2008-06-23,1158.44
2008-06-24,1158.24
2008-06-25,1158.13
2008-06-26,1158.13
2008-06-27,1158.33
2008-06-30,1158.12
2008-07-01,1157.57
2008-07-02,1157.69
2008-07-03,1157.25
2008-07-04,1157.22
2008-07-07,1157.44
2008-07-08,1157.56
2008-07-09,1157.09
2008-07-10,1157.29
2008-07-14,1157.02
2008-07-15,1157.23
2008-07-16,1157.05
2008-07-17,1157.1
2008-07-18,1156.88
2008-07-21,1156.76
2008-07-22,1156.6
2008-07-23,1156.24
2008-07-24,1156.2
2008-07-25,1155.95
2008-07-28,1155.91
2008-07-29,1155.74
2008-07-30,1155.69
2008-07-31,1155.35
2008-08-01,1155.21
2008-08-04,1154.75
2008-08-05,1154.71
2008-08-06,1154.14
2008-08-07,1154.55
2008-08-08,1153.65
2008-08-11,1153.91
2008-08-12,1153.21
2008-08-13,1153.62
2008-08-14,1152.95
2008-08-15,1152.77
2008-08-18,1152.63
2008-08-19,1152.35
2008-08-20,1152.22
2008-08-21,1151.71
2008-08-22,1151.91
2008-08-25,1151.53
2008-08-26,1151.7
2008-08-27,1151.24
2008-08-28,1151.38
2008-08-29,1150.91
2008-09-01,1150.78
2008-09-02,1150.59
2008-09-03,1149.76
2008-09-04,1150.26
2008-09-05,1148.94
2008-09-08,1148.94
2008-09-09,1149.19
2008-09-10,1148.6
2008-09-11,1148.95
2008-09-12,1148.15
2008-09-15,1148.51
2008-09-16,1147.9
2008-09-17,1148.08
2008-09-18,1147.68
2008-09-19,1147.53
2008-09-22,1147.2
2008-09-23,1147.24
2008-09-24,1146.84
2008-09-25,1146.81
2008-09-26,1146.54
2008-09-29,1146.59
2008-09-30,1146.09
2008-10-01,1146.05
2008-10-02,1145.81
2008-10-03,1145.77
2008-10-06,1145.59
2008-10-07,1144.79
2008-10-08,1145.11
2008-10-09,1144.76
2008-10-10,1144.6
2008-10-13,1144.54
2008-10-14,1144.46
2008-10-15,1144.42
2008-10-16,1144.45
2008-10-17,1144.46
2008-10-20,1144.26
2008-10-21,1144.27
2008-10-22,1143.78
2008-10-23,1143.95
2008-10-24,1143.79
2008-10-27,1143.83
2008-10-28,1144.05
2008-10-29,1143.83
2008-10-30,1144.47
2008-10-31,1144.37
2008-11-03,1144.99
2008-11-04,1144.76
2008-11-05,1145.53
2008-11-06,1144.82
2008-11-07,1145.49
2008-11-10,1146.29
2008-11-11,1150.25
2008-11-12,1159.21
2008-11-13,1158.38
2008-11-14,1158.13
2008-11-17,1158.02
2008-11-18,1157.82
2008-11-19,1157.34
2008-11-20,1157.82
2008-11-21,1159.76
2008-11-24,1160.47
2008-11-25,1163.57
2008-11-26,1166.86
2008-11-27,1166.86
2008-11-28,1170.64
2008-12-01,1180.05
2008-12-02,1183.27
2008-12-03,1194.9
2008-12-04,1203.47
2008-12-05,1211.35
2008-12-08,1223.6
2008-12-09,1231.16
2008-12-10,1226.16
2008-12-11,1227.15
2008-12-12,1226.88
2008-12-15,1231.12
2008-12-16,1230.84
2008-12-17,1231.02
2008-12-18,1230.06
2008-12-19,1238.52
2008-12-22,1237.09
2008-12-23,1243.0
2008-12-24,1239.92
2008-12-25,1246.29
2008-12-26,1251.07
2008-12-29,1248.89
2008-12-30,1262.91
2008-12-31,1267.51
2009-01-02,1272.31
2009-01-05,1279.58
2009-01-06,1286.55
2009-01-07,1295.02
2009-01-08,1309.73
2009-01-09,1300.4
2009-01-12,1306.28
2009-01-13,1304.81
2009-01-14,1318.19
2009-01-15,1332.75
2009-01-16,1359.87
2009-01-19,1354.06
2009-01-20,1370.42
2009-01-21,1372.94
2009-01-22,1370.89
2009-01-23,1366.42
2009-01-26,1372.38
2009-01-27,1373.09
2009-01-28,1372.04
2009-01-29,1375.16
2009-01-30,1381.66
2009-02-02,1380.95
2009-02-03,1389.95
2009-02-04,1399.63
2009-02-05,1421.18
2009-02-06,1424.53
2009-02-09,1429.55
2009-02-10,1431.44
2009-02-11,1430.99
2009-02-12,1434.47
2009-02-13,1443.86
2009-02-16,1443.76
2009-02-17,1458.2
2009-02-18,1460.05
2009-02-19,1465.78
2009-02-20,1471.93
2009-02-23,1470.62
2009-02-24,1471.45
2009-02-25,1470.17
2009-03-02,1498.26
2009-03-03,1532.92
2009-03-04,1547.47
2009-03-05,1554.84
2009-03-06,1558.23
2009-03-09,1562.8
2009-03-10,1569.92
2009-03-11,1573.9
2009-03-12,1574.1
2009-03-13,1579.1
2009-03-16,1574.1
2009-03-17,1575.33
2009-03-18,1585.7
2009-03-19,1590.7
2009-03-20,1585.45
2009-03-23,1576.6
2009-03-24,1576.75
2009-03-25,1576.58
2009-03-26,1574.35
2009-03-27,1554.6
2009-03-30,1539.22
2009-03-31,1524.07
2009-04-01,1499.65
2009-04-02,1487.23
2009-04-03,1473.17
2009-04-06,1442.96
2009-04-07,1412.77
2009-04-08,1413.27
2009-04-09,1413.89
2009-04-10,1418.75
2009-04-13,1417.6
2009-04-14,1418.45
2009-04-15,1421.99
2009-04-16,1421.79
2009-04-17,1423.9
2009-04-20,1423.8
2009-04-21,1423.68
2009-04-22,1423.52
2009-04-23,1423.19
2009-04-24,1419.69
2009-04-27,1424.49
2009-04-28,1424.69
2009-04-29,1423.53
2009-04-30,1423.86
2009-05-01,1424.53
2009-05-04,1423.51
2009-05-05,1423.78
2009-05-06,1423.22
2009-05-07,1422.19
2009-05-08,1422.41
2009-05-11,1423.2
2009-05-12,1422.36
2009-05-13,1422.24
2009-05-14,1422.19
2009-05-15,1423.18
2009-05-18,1421.76
2009-05-19,1422.98
2009-05-20,1421.73
2009-05-21,1422.41
2009-05-22,1422.47
2009-05-25,1425.03
2009-05-26,1427.38
2009-05-27,1429.93
2009-05-28,1427.94
2009-05-29,1428.37
2009-06-02,1428.0
2009-06-03,1427.52
2009-06-04,1425.77
2009-06-05,1426.65
2009-06-08,1426.95
2009-06-09,1425.28
2009-06-10,1426.51
2009-06-11,1427.24
2009-06-12,1427.49
2009-06-15,1428.33
2009-06-16,1427.01
2009-06-17,1427.1
2009-06-18,1427.54
2009-06-19,1428.1
2009-06-22,1428.02
2009-06-23,1429.17
2009-06-24,1429.65
2009-06-25,1430.81
2009-06-26,1433.26
2009-06-29,1433.78
2009-06-30,1435.49
2009-07-01,1435.56
2009-07-02,1437.09
2009-07-03,1437.36
2009-07-06,1438.06
2009-07-07,1439.46
2009-07-08,1441.49
2009-07-09,1442.46
2009-07-10,1442.16
2009-07-14,1441.65
2009-07-15,1442.74
2009-07-16,1442.82
2009-07-17,1444.6
2009-07-20,1446.16
2009-07-21,1447.53
2009-07-22,1449.3
2009-07-23,1451.18
2009-07-24,1452.3
2009-07-27,1453.3
2009-07-28,1453.79
2009-07-29,1454.39
2009-07-30,1454.95
2009-07-31,1455.3
2009-08-03,1454.62
2009-08-04,1454.14
2009-08-05,1453.58
2009-08-06,1452.04
2009-08-07,1449.77
2009-08-10,1449.8
2009-08-11,1450.21
2009-08-12,1448.97
2009-08-13,1448.98
2009-08-14,1447.55
2009-08-17,1448.12
2009-08-18,1448.21
2009-08-19,1447.94
2009-08-20,1447.44
2009-08-21,1445.9
2009-08-24,1444.5
2009-08-25,1441.78
2009-08-26,1439.68
2009-08-27,1437.25
2009-08-28,1433.45
2009-08-31,1429.05
2009-09-01,1422.98
2009-09-02,1419.71
2009-09-03,1419.12
2009-09-04,1416.2
2009-09-07,1414.61
2009-09-08,1413.78
2009-09-09,1414.08
2009-09-10,1413.48
2009-09-11,1413.74
2009-09-14,1413.83
2009-09-15,1415.2
2009-09-16,1416.21
2009-09-17,1417.21
2009-09-18,1418.75
2009-09-21,1418.61
2009-09-22,1420.45
2009-09-23,1420.65
2009-09-24,1421.38
2009-09-25,1422.09
2009-09-28,1423.65
2009-09-29,1424.66
2009-09-30,1426.01
2009-10-01,1428.38
2009-10-02,1432.34
2009-10-05,1437.11
2009-10-06,1441.33
2009-10-07,1446.24
2009-10-08,1451.37
2009-10-09,1453.25
2009-10-12,1451.98
2009-10-13,1448.72
2009-10-14,1444.67
2009-10-15,1436.25
2009-10-16,1434.22
2009-10-19,1436.72
2009-10-20,1439.27
2009-10-21,1440.43
2009-10-22,1440.47
2009-10-23,1438.45
2009-10-26,1435.71
2009-10-27,1431.97
2009-10-28,1428.55
2009-10-29,1427.1
2009-10-30,1424.62
2009-11-02,1423.84
2009-11-03,1423.93
2009-11-04,1423.93
2009-11-05,1423.74
2009-11-06,1423.99
2009-11-09,1423.87
2009-11-10,1423.5
2009-11-11,1423.8
2009-11-12,1424.25
2009-11-13,1426.44
2009-11-16,1428.83
2009-11-17,1433.07
2009-11-18,1435.26
2009-11-19,1435.48
2009-11-20,1436.65
2009-11-23,1439.12
2009-11-24,1442.02
2009-11-25,1445.45
2009-11-27,1445.55
2009-11-30,1446.41
2009-12-01,1450.3
2009-12-02,1452.74
2009-12-03,1455.43
2009-12-04,1456.44
2009-12-07,1458.8
2009-12-08,1459.77
2009-12-09,1460.48
2009-12-10,1460.88
2009-12-11,1460.08
2009-12-14,1458.05
2009-12-15,1452.87
2009-12-16,1445.87
2009-12-17,1443.17
2009-12-18,1439.38
2009-12-21,1435.88
2009-12-22,1431.58
2009-12-23,1430.05
2009-12-24,1431.48
2009-12-25,1432.99
2009-12-28,1434.09
2009-12-29,1436.62
2009-12-30,1440.2
2009-12-31,1442.84
2010-01-04,1445.55
2010-01-05,1449.51
2010-01-06,1452.77
2010-01-07,1459.99
2010-01-08,1463.79
2010-01-11,1469.99
2010-01-12,1470.64
2010-01-13,1463.25
2010-01-14,1461.99
2010-01-15,1458.0
2010-01-18,1454.66
2010-01-19,1451.29
2010-01-20,1448.16
2010-01-21,1447.3
2010-01-22,1446.63
2010-01-25,1447.82
2010-01-26,1448.82
2010-01-27,1451.74
2010-01-28,1453.74
2010-01-29,1456.06
2010-02-01,1455.7
2010-02-02,1455.29
2010-02-03,1455.03
2010-02-04,1454.01
2010-02-05,1455.2
2010-02-08,1453.57
2010-02-09,1451.03
2010-02-10,1448.6
2010-02-11,1446.8
2010-02-12,1442.52
2010-02-15,1439.3
2010-02-16,1439.3
2010-02-17,1439.3
2010-02-18,1437.8
2010-02-19,1438.08
2010-02-22,1438.09
2010-02-23,1438.19
2010-02-24,1440.91
2010-02-25,1445.14
2010-02-26,1447.75
2010-03-01,1449.82
2010-03-02,1447.62
2010-03-03,1445.96
2010-03-04,1440.9
2010-03-05,1430.28
2010-03-08,1427.52
2010-03-09,1427.52
2010-03-10,1425.94
2010-03-11,1423.91
2010-03-12,1420.99
2010-03-15,1420.0
2010-03-16,1420.07
2010-03-17,1418.79
2010-03-18,1416.92
2010-03-19,1415.53
2010-03-22,1412.32
2010-03-23,1405.3
2010-03-24,1389.93
2010-03-25,1375.61
2010-03-26,1372.97
2010-03-29,1370.43
2010-03-30,1369.43
2010-03-31,1367.1
2010-04-01,1365.47
2010-04-02,1364.69
2010-04-05,1364.98
2010-04-06,1365.02
2010-04-07,1365.26
2010-04-08,1367.36
2010-04-09,1372.3
2010-04-12,1382.91
2010-04-13,1384.72
2010-04-14,1385.47
2010-04-15,1392.05
2010-04-16,1401.47
2010-04-19,1410.46
2010-04-20,1408.81
2010-04-21,1406.32
2010-04-22,1400.55
2010-04-23,1395.98
2010-04-26,1383.33
2010-04-27,1379.9
2010-04-28,1375.31
2010-04-29,1373.24
2010-04-30,1372.46
2010-05-03,1377.35
2010-05-04,1384.13
2010-05-05,1390.59
2010-05-06,1394.06
2010-05-07,1395.07
2010-05-10,1387.65
2010-05-11,1386.65
2010-05-12,1385.85
2010-05-13,1384.21
2010-05-14,1383.62
2010-05-17,1384.6
2010-05-18,1386.64
2010-05-19,1389.54
2010-05-20,1392.36
2010-05-21,1390.86
2010-05-24,1389.65
2010-05-25,1386.95
2010-05-26,1385.98
2010-05-27,1385.81
2010-05-28,1385.56
2010-05-31,1384.85
2010-06-02,1383.73
2010-06-03,1383.4
2010-06-04,1383.57
2010-06-07,1384.11
2010-06-08,1384.34
2010-06-09,1385.09
2010-06-10,1385.38
2010-06-11,1385.13
2010-06-14,1383.25
2010-06-15,1380.8
2010-06-16,1380.83
2010-06-17,1380.68
2010-06-18,1380.77
2010-06-21,1380.31
2010-06-22,1380.05
2010-06-23,1379.38
2010-06-24,1378.27
2010-06-25,1375.87
2010-06-28,1372.07
2010-06-29,1371.25
2010-06-30,1368.65
2010-07-01,1367.27
2010-07-02,1365.88
2010-07-05,1366.06
2010-07-06,1366.15
2010-07-07,1367.2
2010-07-08,1368.47
2010-07-09,1369.82
2010-07-14,1369.38
2010-07-15,1369.03
2010-07-16,1366.86
2010-07-19,1366.98
2010-07-20,1367.02
2010-07-21,1366.8
2010-07-22,1366.75
2010-07-23,1366.64
2010-07-26,1365.04
2010-07-27,1362.51
2010-07-28,1360.25
2010-07-29,1358.18
2010-07-30,1356.29
2010-08-02,1353.49
2010-08-03,1352.27
2010-08-04,1349.94
2010-08-05,1347.82
2010-08-06,1345.97
2010-08-09,1343.2
2010-08-10,1341.07
2010-08-11,1338.19
2010-08-12,1333.59
2010-08-13,1327.1
2010-08-16,1324.71
2010-08-17,1321.65
2010-08-18,1318.42
2010-08-19,1316.05
2010-08-20,1312.68
2010-08-23,1309.34
2010-08-24,1307.36
2010-08-25,1305.45
2010-08-26,1302.87
2010-08-27,1299.69
2010-08-30,1300.1
2010-08-31,1301.8
2010-09-01,1304.56
2010-09-02,1308.98
2010-09-03,1318.81
2010-09-06,1327.58
2010-09-07,1323.35
2010-09-08,1320.98
2010-09-09,1319.59
2010-09-10,1319.86
2010-09-13,1323.3
2010-09-14,1326.14
2010-09-15,1329.86
2010-09-16,1334.37
2010-09-17,1338.18
2010-09-20,1336.08
2010-09-21,1332.76
2010-09-22,1327.59
2010-09-23,1324.51
2010-09-24,1325.69
2010-09-27,1327.93
2010-09-28,1328.04
2010-09-29,1328.16
2010-09-30,1325.59
2010-10-01,1323.41
2010-10-04,1320.22
2010-10-05,1317.59
2010-10-06,1315.8
2010-10-07,1312.63
2010-10-08,1315.0
2010-10-11,1315.8
2010-10-12,1315.63
2010-10-13,1313.82
2010-10-14,1311.44
2010-10-15,1310.8
2010-10-18,1308.68
2010-10-19,1305.22
2010-10-20,1301.88
2010-10-21,1296.98
2010-10-22,1295.36
2010-10-25,1295.03
2010-10-26,1290.92
2010-10-27,1289.26
2010-10-28,1286.52
2010-10-29,1285.47
2010-11-01,1283.38
2010-11-02,1283.22
2010-11-03,1283.48
2010-11-04,1285.7
2010-11-05,1286.41
2010-11-08,1285.65
2010-11-09,1282.95
2010-11-10,1281.83
2010-11-11,1280.46
2010-11-12,1280.68
2010-11-15,1279.07
2010-11-16,1277.62
2010-11-17,1277.07
2010-11-18,1275.78
2010-11-19,1272.91
2010-11-22,1267.88
2010-11-23,1262.45
2010-11-24,1258.38
2010-11-25,1255.0
2010-11-29,1250.45
2010-11-30,1246.69
2010-12-01,1243.54
2010-12-02,1240.13
2010-12-03,1236.37
2010-12-06,1233.06
2010-12-07,1224.91
2010-12-08,1218.66
2010-12-09,1216.05
2010-12-10,1213.21
2010-12-13,1211.14
2010-12-14,1211.75
2010-12-15,1212.76
2010-12-16,1215.37
2010-12-17,1230.71
2010-12-20,1240.29
2010-12-21,1242.36
2010-12-22,1243.82
2010-12-23,1243.42
2010-12-24,1246.35
2010-12-27,1248.0
2010-12-28,1250.57
2010-12-29,1255.06
2010-12-30,1256.47
2010-12-31,1257.18
2011-01-03,1257.18
2011-01-04,1259.79
2011-01-05,1267.38
2011-01-06,1274.2
2011-01-07,1282.77
2011-01-10,1279.63
2011-01-11,1277.3
2011-01-12,1274.63
2011-01-13,1253.07
2011-01-14,1251.29
2011-01-17,1244.45
2011-01-18,1244.5
2011-01-19,1242.71
2011-01-20,1243.74
2011-01-21,1244.63
2011-01-24,1247.94
2011-01-25,1252.69
2011-01-26,1249.08
2011-01-27,1247.39
2011-01-28,1245.01
2011-01-31,1245.46
2011-02-01,1246.55
2011-02-02,1248.87
2011-02-07,1251.86
2011-02-08,1252.71
2011-02-09,1256.21
2011-02-10,1259.01
2011-02-11,1258.43
2011-02-14,1257.64
2011-02-15,1255.91
2011-02-16,1253.69
2011-02-17,1250.98
2011-02-18,1249.52
2011-02-21,1251.03
2011-02-22,1252.2
2011-02-23,1253.2
2011-02-24,1253.81
2011-02-25,1255.24
2011-02-28,1254.51
2011-03-01,1255.1
2011-03-02,1252.23
2011-03-03,1251.49
2011-03-04,1251.42
2011-03-07,1249.03
2011-03-08,1249.03
2011-03-09,1247.02
2011-03-10,1242.3
2011-03-11,1239.28
2011-03-14,1238.0
2011-03-15,1234.41
2011-03-16,1230.63
2011-03-17,1225.98
2011-03-18,1220.92
2011-03-21,1217.89
2011-03-22,1215.27
2011-03-23,1214.43
2011-03-24,1212.29
2011-03-25,1209.51
2011-03-28,1204.68
2011-03-29,1200.04
2011-03-30,1198.12
2011-03-31,1195.27
2011-04-01,1195.32
2011-04-04,1196.2
2011-04-05,1198.68
2011-04-06,1203.17
2011-04-07,1208.55
2011-04-08,1207.97
2011-04-09,1207.97
2011-04-10,1207.97
2011-04-11,1205.09
2011-04-12,1204.22
2011-04-13,1204.52
2011-04-14,1205.89
2011-04-15,1208.94
2011-04-16,1208.94
2011-04-17,1208.94
2011-04-18,1211.9
2011-04-19,1219.51
2011-04-20,1225.52
2011-04-21,1230.42
2011-04-22,1238.15
2011-04-23,1238.15
2011-04-24,1238.15
2011-04-25,1243.09
2011-04-26,1246.97
2011-04-27,1251.46
2011-04-28,1253.88
2011-04-29,1258.47
2011-04-30,1258.47
2011-05-01,1258.47
2011-05-02,1264.53
2011-05-03,1267.25
2011-05-04,1268.31
2011-05-05,1266.63
2011-05-06,1256.08
2011-05-07,1256.08
2011-05-08,1256.08
2011-05-09,1252.63
2011-05-10,1239.52
2011-05-11,1223.69
2011-05-12,1218.74
2011-05-13,1219.85
2011-05-14,1219.85
2011-05-15,1219.85
2011-05-16,1218.5
2011-05-17,1215.2
2011-05-18,1214.34
2011-05-19,1220.74
2011-05-20,1221.44
2011-05-21,1221.44
2011-05-22,1221.44
2011-05-23,1221.05
2011-05-24,1218.76
2011-05-25,1229.31
2011-05-26,1231.04
2011-05-27,1238.07
2011-05-28,1238.07
2011-05-29,1238.07
2011-05-30,1234.5
2011-05-31,1245.35
2011-06-01,1245.35
2011-06-02,1245.33
2011-06-03,1250.15
2011-06-04,1250.15
2011-06-05,1250.15
2011-06-06,1253.69
2011-06-07,1253.45
2011-06-08,1252.99
2011-06-09,1248.36
2011-06-10,1249.32
2011-06-11,1249.32
2011-06-12,1249.32
2011-06-13,1253.63
2011-06-14,1255.33
2011-06-15,1258.37
2011-06-16,1256.72
2011-06-17,1258.37
2011-06-18,1258.37
2011-06-19,1258.37
2011-06-20,1261.39
2011-06-21,1261.3
2011-06-22,1264.64
2011-06-23,1266.57
2011-06-24,1264.68
2011-06-25,1264.68
2011-06-26,1264.68
2011-06-27,1264.92
2011-06-28,1263.9
2011-06-29,1261.35
2011-06-30,1258.64
2011-07-01,1254.29
2011-07-02,1254.29
2011-07-03,1254.29
2011-07-04,1251.97
2011-07-05,1249.1
2011-07-06,1245.61
2011-07-07,1244.25
2011-07-08,1239.23
2011-07-09,1234.45
2011-07-10,1234.71
2011-07-11,1234.71
2011-07-12,1234.71
2011-07-13,1234.71
2011-07-14,1234.71
2011-07-15,1234.71
2011-07-16,1234.71
2011-07-17,1234.71
2011-07-18,1238.51
2011-07-19,1241.4
2011-07-20,1242.64
2011-07-21,1245.65
2011-07-22,1252.35
2011-07-23,1252.35
2011-07-24,1252.35
2011-07-25,1254.72
2011-07-26,1253.95
2011-07-27,1256.54
2011-07-28,1254.04
2011-07-29,1251.25
2011-07-30,1251.25
2011-07-31,1251.25
2011-08-01,1252.9
2011-08-02,1243.01
2011-08-03,1237.53
2011-08-04,1232.61
2011-08-05,1233.88
2011-08-06,1233.88
2011-08-07,1233.88
2011-08-08,1236.68
2011-08-09,1234.04
2011-08-10,1234.76
2011-08-11,1230.97
2011-08-12,1232.13
2011-08-13,1232.13
2011-08-14,1232.13
2011-08-15,1232.7
2011-08-16,1233.69
2011-08-17,1235.86
2011-08-18,1237.12
2011-08-19,1237.78
2011-08-20,1237.78
2011-08-21,1237.78
2011-08-22,1240.54
2011-08-23,1240.69
2011-08-24,1239.66
2011-08-25,1241.31
2011-08-26,1242.83
2011-08-27,1242.83
2011-08-28,1242.83
2011-08-29,1244.9
2011-08-30,1244.28
2011-08-31,1248.67
2011-09-01,1250.46
2011-09-02,1254.81
2011-09-03,1254.81
2011-09-04,1254.81
2011-09-05,1254.8
2011-09-06,1252.7
2011-09-07,1247.49
2011-09-08,1250.49
2011-09-09,1251.34
2011-09-10,1251.34
2011-09-11,1251.34
2011-09-12,1254.47
2011-09-13,1255.94
2011-09-14,1255.04
2011-09-15,1259.08
2011-09-16,1259.87
2011-09-17,1259.87
2011-09-18,1259.87
2011-09-19,1262.84
2011-09-20,1261.9
2011-09-21,1261.86
2011-09-22,1259.73
2011-09-23,1259.36
2011-09-24,1259.36
2011-09-25,1259.36
2011-09-26,1262.96
2011-09-27,1264.44
2011-09-28,1271.46
2011-09-29,1280.83
2011-09-30,1285.64
2011-10-01,1285.64
2011-10-02,1285.64
2011-10-03,1289.23
2011-10-04,1291.71
2011-10-05,1293.66
2011-10-06,1294.6
2011-10-07,1288.02
2011-10-08,1288.02
2011-10-09,1288.02
2011-10-10,1287.59
2011-10-11,1284.31
2011-10-12,1284.07
2011-10-13,1283.49
2011-10-14,1285.81
2011-10-15,1285.81
2011-10-16,1285.81
2011-10-17,1287.35
2011-10-18,1288.78
2011-10-19,1290.68
2011-10-20,1294.16
2011-10-21,1296.42
2011-10-22,1296.42
2011-10-23,1296.42
2011-10-24,1298.33
2011-10-25,1300.49
2011-10-26,1300.27
2011-10-27,1297.08
2011-10-28,1297.08
2011-10-29,1297.08
2011-10-30,1297.08
2011-10-31,1297.67
2011-11-01,1298.58
2011-11-02,1300.32
2011-11-03,1302.16
2011-11-04,1306.03
2011-11-05,1306.03
2011-11-06,1306.03
2011-11-07,1315.34
2011-11-08,1317.95
2011-11-09,1327.84
2011-11-10,1333.74
2011-11-11,1332.02
2011-11-12,1332.02
2011-11-13,1332.02
2011-11-14,1336.37
2011-11-15,1337.11
2011-11-16,1329.8
2011-11-17,1324.86
2011-11-18,1321.38
2011-11-19,1321.38
2011-11-20,1321.38
2011-11-21,1321.04
2011-11-22,1319.66
2011-11-23,1321.79
2011-11-24,1326.66
2011-11-25,1328.05
2011-11-26,1328.05
2011-11-27,1328.05
2011-11-28,1334.5
2011-11-29,1339.24
2011-11-30,1340.9
2011-12-01,1346.48
2011-12-02,1344.48
2011-12-03,1344.48
2011-12-04,1344.48
2011-12-05,1350.31
2011-12-06,1352.1
2011-12-07,1365.55
2011-12-08,1370.7
2011-12-09,1369.7
2011-12-10,1369.7
2011-12-11,1369.7
2011-12-12,1381.46
2011-12-13,1379.98
2011-12-14,1377.24
2011-12-15,1379.23
2011-12-16,1375.45
2011-12-17,1375.45
2011-12-18,1375.45
2011-12-19,1375.56
2011-12-20,1373.8
2011-12-21,1375.63
2011-12-22,1377.55
2011-12-23,1387.28
2011-12-24,1387.28
2011-12-25,1387.28
2011-12-26,1391.01
2011-12-27,1393.37
2011-12-28,1395.05
2011-12-29,1395.05
2011-12-30,1396.37
2011-12-31,1396.37
2012-01-01,1396.37
2012-01-02,1398.19
2012-01-03,1403.87
2012-01-04,1412.25
2012-01-05,1416.82
2012-01-06,1428.57
2012-01-07,1428.57
2012-01-08,1428.57
2012-01-09,1433.53
2012-01-10,1418.98
2012-01-11,1410.54
2012-01-12,1400.05
2012-01-13,1399.42
2012-01-14,1399.42
2012-01-15,1399.42
2012-01-16,1403.96
2012-01-17,1393.13
2012-01-18,1393.19
2012-01-19,1387.41
2012-01-20,1386.19
2012-01-21,1386.19
2012-01-22,1386.19
2012-01-23,1380.92
2012-01-24,1377.11
2012-01-25,1373.12
2012-01-26,1370.92
2012-01-27,1370.33
2012-01-28,1370.33
2012-01-29,1370.33
2012-01-30,1367.83
2012-01-31,1366.3
2012-02-01,1364.48
2012-02-02,1362.69
2012-02-03,1360.1
2012-02-04,1360.1
2012-02-05,1360.1
2012-02-06,1355.65
2012-02-07,1352.77
2012-02-08,1346.25
2012-02-09,1342.16
2012-02-10,1340.56
2012-02-11,1340.56
2012-02-12,1340.56
2012-02-13,1335.25
2012-02-14,1336.67
2012-02-15,1333.73
2012-02-16,1333.15
2012-02-17,1329.97
2012-02-18,1327.33
2012-02-19,1327.33
2012-02-20,1326.78
2012-02-21,1324.35
2012-02-22,1324.35
2012-02-23,1324.35
2012-02-24,1324.35
2012-02-25,1324.35
2012-02-26,1324.35
2012-02-27,1328.62
2012-02-28,1333.14
2012-02-29,1340.19
2012-03-01,1340.81
2012-03-02,1341.56
2012-03-03,1341.56
2012-03-04,1341.56
2012-03-05,1335.86
2012-03-06,1335.58
2012-03-07,1335.08
2012-03-08,1335.08
2012-03-09,1338.24
2012-03-10,1338.24
2012-03-11,1338.24
2012-03-12,1340.37
2012-03-13,1340.9
2012-03-14,1336.76
2012-03-15,1335.35
2012-03-16,1333.16
2012-03-17,1333.16
2012-03-18,1333.16
2012-03-19,1333.81
2012-03-20,1329.68
2012-03-21,1329.11
2012-03-22,1330.05
2012-03-23,1331.0
2012-03-24,1331.0
2012-03-25,1331.0
2012-03-26,1330.18
2012-03-27,1329.39
2012-03-28,1328.04
2012-03-29,1325.16
2012-03-30,1318.8
2012-03-31,1318.8
2012-04-01,1318.8
2012-04-02,1316.36
2012-04-03,1314.65
2012-04-04,1307.32
2012-04-05,1304.25
2012-04-06,1300.67
2012-04-07,1300.67
2012-04-08,1300.67
2012-04-09,1301.7
2012-04-10,1303.28
2012-04-11,1307.11
2012-04-12,1311.8
2012-04-13,1312.17
2012-04-14,1312.17
2012-04-15,1312.17
2012-04-16,1313.54
2012-04-17,1313.5
2012-04-18,1315.2
2012-04-19,1317.52
2012-04-20,1317.84
2012-04-21,1317.84
2012-04-22,1317.84
2012-04-23,1320.32
2012-04-24,1321.37
2012-04-25,1319.26
2012-04-26,1320.51
2012-04-27,1320.65
2012-04-28,1320.65
2012-04-29,1320.65
2012-04-30,1316.81
2012-05-01,1317.67
2012-05-02,1315.62
2012-05-03,1315.96
2012-05-04,1317.61
2012-05-05,1317.61
2012-05-06,1317.61
2012-05-07,1316.36
2012-05-08,1317.78
2012-05-09,1316.39
2012-05-10,1316.21
2012-05-11,1315.71
2012-05-12,1315.71
2012-05-13,1315.71
2012-05-14,1315.89
2012-05-15,1316.85
2012-05-16,1317.13
2012-05-17,1320.23
2012-05-18,1319.86
2012-05-19,1319.86
2012-05-20,1319.86
2012-05-21,1321.61
2012-05-22,1322.31
2012-05-23,1321.16
2012-05-24,1320.64
2012-05-25,1320.33
2012-05-26,1320.33
2012-05-27,1320.33
2012-05-28,1319.6
2012-05-29,1318.81
2012-05-30,1315.01
2012-05-31,1316.0
2012-06-01,1316.0
2012-06-02,1316.0
2012-06-03,1316.0
2012-06-04,1315.84
2012-06-05,1316.05
2012-06-06,1315.13
2012-06-07,1318.4
2012-06-08,1318.75
2012-06-09,1318.75
2012-06-10,1318.75
2012-06-11,1320.34
2012-06-12,1320.25
2012-06-13,1320.03
2012-06-14,1322.98
2012-06-15,1327.34
2012-06-16,1327.34
2012-06-17,1327.34
2012-06-18,1331.59
2012-06-19,1334.42
2012-06-20,1333.62
2012-06-21,1333.98
2012-06-22,1337.59
2012-06-23,1337.59
2012-06-24,1337.59
2012-06-25,1339.84
2012-06-26,1342.61
2012-06-27,1341.16
2012-06-28,1341.16
2012-06-29,1342.23
2012-06-30,1342.23
2012-07-01,1342.23
2012-07-02,1341.69
2012-07-03,1338.84
2012-07-04,1340.43
2012-07-05,1337.78
2012-07-06,1338.68
2012-07-07,1338.68
2012-07-08,1338.68
2012-07-09,1338.79
2012-07-10,1339.99
2012-07-11,1339.99
2012-07-12,1339.99
2012-07-13,1339.99
2012-07-14,1339.99
2012-07-15,1339.99
2012-07-16,1342.24
2012-07-17,1343.11
2012-07-18,1344.82
2012-07-19,1345.4
2012-07-20,1347.29
2012-07-21,1347.29
2012-07-22,1347.29
2012-07-23,1347.04
2012-07-24,1349.74
2012-07-25,1349.8
2012-07-26,1347.42
2012-07-27,1345.73
2012-07-28,1345.73
2012-07-29,1345.73
2012-07-30,1348.84
2012-07-31,1349.1
2012-08-01,1348.56
2012-08-02,1350.41
2012-08-03,1353.49
2012-08-04,1353.49
2012-08-05,1353.49
2012-08-06,1354.75
2012-08-07,1356.46
2012-08-08,1358.01
2012-08-09,1359.44
2012-08-10,1359.81
2012-08-11,1359.81
2012-08-12,1359.81
2012-08-13,1360.81
2012-08-14,1360.42
2012-08-15,1361.78
2012-08-16,1362.45
2012-08-17,1364.49
2012-08-18,1364.49
2012-08-19,1364.49
2012-08-20,1363.68
2012-08-21,1366.48
2012-08-22,1365.8
2012-08-23,1368.21
2012-08-24,1370.35
2012-08-25,1370.35
2012-08-26,1370.35
2012-08-27,1373.15
2012-08-28,1376.46
2012-08-29,1378.86
2012-08-30,1381.09
2012-08-31,1381.99
2012-09-01,1381.99
2012-09-02,1381.99
2012-09-03,1381.87
2012-09-04,1382.81
2012-09-05,1384.84
2012-09-06,1386.33
2012-09-07,1389.26
2012-09-08,1389.26
2012-09-09,1389.26
2012-09-10,1393.47
2012-09-11,1393.78
2012-09-12,1394.13
2012-09-13,1394.42
2012-09-14,1395.24
2012-09-15,1395.24
2012-09-16,1395.24
2012-09-17,1399.27
2012-09-18,1400.06
2012-09-19,1401.98
2012-09-20,1402.14
2012-09-21,1402.62
2012-09-22,1402.62
2012-09-23,1402.62
2012-09-24,1402.68
2012-09-25,1401.9
2012-09-26,1400.31
2012-09-27,1395.08
2012-09-28,1394.47
2012-09-29,1394.47
2012-09-30,1394.47
2012-10-01,1393.76
2012-10-02,1391.46
2012-10-03,1389.65
2012-10-04,1386.86
2012-10-05,1382.65
2012-10-06,1382.65
2012-10-07,1382.65
2012-10-08,1382.98
2012-10-09,1380.02
2012-10-10,1379.59
2012-10-11,1379.05
2012-10-12,1379.21
2012-10-13,1379.21
2012-10-14,1379.21
2012-10-15,1379.11
2012-10-16,1380.87
2012-10-17,1381.57
2012-10-18,1383.72
2012-10-19,1384.77
2012-10-20,1384.77
2012-10-21,1384.77
2012-10-22,1387.58
2012-10-23,1389.31
2012-10-24,1391.23
2012-10-25,1393.97
2012-10-26,1392.96
2012-10-27,1392.96
2012-10-28,1392.96
2012-10-29,1396.09
2012-10-30,1396.87
2012-10-31,1397.28
2012-11-01,1397.08
2012-11-02,1397.68
2012-11-03,1397.68
2012-11-04,1397.68
2012-11-05,1398.29
2012-11-06,1398.96
2012-11-07,1398.22
2012-11-08,1398.42
2012-11-09,1396.32
2012-11-10,1396.32
2012-11-11,1396.32
2012-11-12,1396.13
2012-11-13,1395.59
2012-11-14,1395.59
2012-11-15,1393.43
2012-11-16,1395.06
2012-11-17,1395.06
2012-11-18,1395.06
2012-11-19,1394.86
2012-11-20,1394.2
2012-11-21,1394.2
2012-11-22,1395.09
2012-11-23,1395.08
2012-11-24,1395.08
2012-11-25,1395.08
2012-11-26,1395.92
2012-11-27,1397.1
2012-11-28,1396.86
2012-11-29,1396.51
2012-11-30,1397.28
2012-12-01,1397.28
2012-12-02,1397.28
2012-12-03,1398.01
2012-12-04,1400.52
2012-12-05,1402.01
2012-12-06,1401.64
2012-12-07,1400.98
2012-12-08,1400.98
2012-12-09,1400.98
2012-12-10,1401.67
2012-12-11,1401.14
2012-12-12,1398.52
2012-12-13,1394.66
2012-12-14,1395.47
2012-12-15,1395.47
2012-12-16,1395.47
2012-12-17,1394.31
2012-12-18,1394.25
2012-12-19,1393.33
2012-12-20,1394.76
2012-12-21,1391.33
2012-12-22,1391.33
2012-12-23,1391.33
2012-12-24,1391.08
2012-12-25,1392.92
2012-12-26,1391.7
2012-12-27,1391.8
2012-12-28,1392.1
2012-12-29,1392.1
2012-12-30,1392.1
2012-12-31,1392.1
2013-01-01,1392.1
2013-01-02,1392.43
2013-01-03,1392.89
2013-01-04,1388.9
2013-01-05,1393.53
2013-01-06,1393.53
2013-01-07,1393.45
2013-01-08,1394.71
2013-01-09,1396.53
2013-01-10,1397.05
2013-01-11,1395.64
2013-01-12,1395.64
2013-01-13,1395.64
2013-01-14,1396.2
2013-01-15,1396.69
2013-01-16,1392.82
2013-01-17,1392.03
2013-01-18,1388.85
2013-01-19,1388.85
2013-01-20,1388.85
2013-01-21,1390.82
2013-01-22,1393.2
2013-01-23,1387.9
2013-01-24,1388.33
2013-01-25,1391.28
2013-01-26,1391.28
2013-01-27,1391.28
2013-01-28,1392.69
2013-01-29,1392.68
2013-01-30,1392.3
2013-01-31,1392.56
2013-02-01,1392.63
2013-02-02,1392.63
2013-02-03,1392.63
2013-02-04,1393.14
2013-02-05,1392.61
2013-02-06,1392.52
2013-02-07,1391.63
2013-02-08,1390.29
2013-02-09,1390.29
2013-02-10,1390.29
2013-02-11,1390.29
2013-02-12,1390.29
2013-02-13,1391.09
2013-02-14,1390.53
2013-02-15,1391.18
2013-02-16,1391.18
2013-02-17,1391.18
2013-02-18,1392.32
2013-02-19,1392.95
2013-02-20,1392.95
2013-02-21,1392.38
2013-02-22,1395.68
2013-02-23,1395.68
2013-02-24,1395.68
2013-02-25,1396.44
2013-02-26,1398.31
2013-02-27,1401.31
2013-02-28,1402.15
2013-03-01,1401.68
2013-03-02,1401.68
2013-03-03,1401.68
2013-03-04,1402.73
2013-03-05,1403.04
2013-03-06,1402.37
2013-03-07,1398.55
2013-03-08,1398.55
2013-03-09,1398.55
2013-03-10,1398.55
2013-03-11,1399.17
2013-03-12,1400.46
2013-03-13,1401.06
2013-03-14,1401.46
2013-03-15,1399.82
2013-03-16,1399.82
2013-03-17,1399.82
2013-03-18,1402.04
2013-03-19,1405.81
2013-03-20,1403.99
2013-03-21,1408.22
2013-03-22,1405.19
2013-03-23,1405.19
2013-03-24,1405.19
2013-03-25,1410.27
2013-03-26,1410.37
2013-03-27,1410.68
2013-03-28,1410.47
2013-03-29,1410.32
2013-03-30,1410.32
2013-03-31,1410.32
2013-04-01,1410.57
2013-04-02,1409.63
2013-04-03,1408.18
2013-04-04,1410.63
2013-04-05,1409.8
2013-04-06,1409.8
2013-04-07,1409.8
2013-04-08,1409.18
2013-04-09,1410.56
2013-04-10,1411.54
2013-04-11,1409.8
2013-04-12,1411.09
2013-04-13,1411.09
2013-04-14,1411.09
2013-04-15,1413.2
2013-04-16,1415.43
2013-04-17,1414.65
2013-04-18,1416.34
2013-04-19,1420.54
2013-04-20,1420.54
2013-04-21,1420.54
2013-04-22,1422.89
2013-04-23,1424.82
2013-04-24,1425.77
2013-04-25,1428.26
2013-04-26,1430.76
2013-04-27,1430.76
2013-04-28,1430.76
2013-04-29,1433.31
2013-04-30,1436.12
2013-05-01,1433.84
2013-05-02,1434.94
2013-05-03,1432.81
2013-05-04,1432.81
2013-05-05,1432.81
2013-05-06,1433.66
2013-05-07,1435.61
2013-05-08,1436.37
2013-05-09,1436.87
2013-05-10,1436.42
2013-05-11,1436.42
2013-05-12,1436.42
2013-05-13,1436.82
2013-05-14,1437.47
2013-05-15,1438.98
2013-05-16,1438.96
2013-05-17,1437.7
2013-05-18,1437.7
2013-05-19,1437.7
2013-05-20,1439.87
2013-05-21,1439.67
2013-05-22,1440.38
2013-05-23,1439.0
2013-05-24,1440.04
2013-05-25,1440.04
2013-05-26,1440.04
2013-05-27,1441.93
2013-05-28,1441.92
2013-05-29,1442.06
2013-05-30,1442.73
2013-05-31,1442.2
2013-06-01,1442.2
2013-06-02,1442.2
2013-06-03,1441.83
2013-06-04,1441.28
2013-06-05,1438.17
2013-06-06,1436.93
2013-06-07,1433.43
2013-06-08,1433.43
2013-06-09,1433.43
2013-06-10,1433.22
2013-06-11,1432.59
2013-06-12,1432.98
2013-06-13,1433.73
2013-06-14,1433.17
2013-06-15,1433.17
2013-06-16,1433.17
2013-06-17,1436.86
2013-06-18,1437.98
2013-06-19,1438.02
2013-06-20,1439.77
2013-06-21,1437.55
2013-06-22,1437.55
2013-06-23,1437.55
2013-06-24,1440.02
2013-06-25,1440.12
2013-06-26,1440.12
2013-06-27,1444.03
2013-06-28,1446.17
2013-06-29,1446.17
2013-06-30,1446.17
2013-07-01,1447.51
2013-07-02,1451.08
2013-07-03,1451.11
2013-07-04,1456.6
2013-07-05,1460.21
2013-07-06,1460.21
2013-07-07,1460.21
2013-07-08,1463.72
2013-07-09,1462.58
2013-07-10,1462.75
2013-07-11,1462.75
2013-07-12,1462.75
2013-07-13,1462.75
2013-07-14,1462.75
2013-07-15,1461.23
2013-07-16,1462.86
2013-07-17,1462.71
2013-07-18,1470.36
2013-07-19,1470.49
2013-07-20,1470.49
2013-07-21,1470.49
2013-07-22,1479.12
2013-07-23,1486.89
2013-07-24,1495.7
2013-07-25,1501.78
2013-07-26,1506.9
2013-07-27,1506.9
2013-07-28,1506.9
2013-07-29,1501.45
2013-07-30,1500.75
2013-07-31,1499.6
2013-08-01,1501.78
2013-08-02,1506.94
2013-08-03,1506.94
2013-08-04,1506.94
2013-08-05,1527.81
2013-08-06,1548.26
2013-08-07,1563.48
2013-08-08,1570.32
2013-08-09,1563.67
2013-08-10,1563.67
2013-08-11,1563.67
2013-08-12,1567.4
2013-08-13,1567.38
2013-08-14,1568.18
2013-08-15,1568.73
2013-08-16,1571.57
2013-08-17,1571.57
2013-08-18,1571.57
2013-08-19,1573.9
2013-08-20,1577.49
2013-08-21,1579.15
2013-08-22,1584.77
2013-08-23,1585.89
2013-08-24,1585.89
2013-08-25,1585.89
2013-08-26,1590.08
2013-08-27,1598.21
2013-08-28,1602.89
2013-08-29,1614.48
2013-08-30,1616.98
2013-08-31,1616.98
2013-09-01,1616.98
2013-09-02,1622.4
2013-09-03,1644.15
2013-09-04,1653.72
2013-09-05,1669.75
2013-09-06,1683.97
2013-09-07,1683.97
2013-09-08,1683.97
2013-09-09,1712.38
2013-09-10,1710.61
2013-09-11,1717.29
2013-09-12,1722.96
2013-09-13,1705.61
2013-09-14,1705.61
2013-09-15,1705.61
2013-09-16,1683.62
2013-09-17,1674.97
2013-09-18,1658.43
2013-09-19,1638.19
2013-09-20,1617.35
2013-09-21,1617.35
2013-09-22,1617.35
2013-09-23,1615.7
2013-09-24,1619.05
2013-09-25,1630.01
2013-09-26,1629.31
2013-09-27,1646.48
2013-09-28,1646.48
2013-09-29,1646.48
2013-09-30,1655.44
2013-10-01,1650.04
2013-10-02,1657.29
2013-10-03,1662.76
2013-10-04,1659.12
2013-10-05,1659.12
2013-10-06,1659.12
2013-10-07,1663.88
2013-10-08,1670.88
2013-10-09,1669.06
2013-10-10,1683.88
2013-10-11,1685.3
2013-10-12,1685.3
2013-10-13,1685.3
2013-10-14,1686.75
2013-10-15,1692.81
2013-10-16,1690.76
2013-10-17,1695.65
2013-10-18,1692.24
2013-10-19,1692.24
2013-10-20,1692.24
2013-10-21,1697.5
2013-10-22,1696.37
2013-10-23,1699.39
2013-10-24,1701.37
2013-10-25,1700.02
2013-10-26,1700.02
2013-10-27,1700.02
2013-10-28,1710.72
2013-10-29,1714.2
2013-10-30,1719.03
2013-10-31,1716.28
2013-11-01,1702.28
2013-11-02,1702.28
2013-11-03,1702.28
2013-11-04,1702.28
2013-11-05,1699.54
2013-11-06,1706.16
2013-11-07,1715.48
2013-11-08,1716.26
2013-11-09,1716.26
2013-11-10,1716.26
2013-11-11,1723.89
2013-11-12,1726.07
2013-11-13,1731.58
2013-11-14,1738.82
2013-11-15,1752.48
2013-11-16,1752.48
2013-11-17,1752.48
2013-11-18,1742.98
2013-11-19,1748.2
2013-11-20,1746.01
2013-11-21,1748.49
2013-11-22,1745.93
2013-11-23,1745.93
2013-11-24,1745.93
2013-11-25,1745.84
2013-11-26,1746.59
2013-11-27,1745.43
2013-11-28,1745.75
2013-11-29,1741.71
2013-11-30,1741.71
2013-12-01,1741.71
2013-12-02,1742.06
2013-12-03,1739.66
2013-12-04,1732.78
2013-12-05,1730.61
2013-12-06,1723.22
2013-12-07,1723.22
2013-12-08,1723.22
2013-12-09,1713.73
2013-12-10,1709.86
2013-12-11,1705.0
2013-12-12,1691.69
2013-12-13,1671.93
2013-12-14,1671.93
2013-12-15,1671.93
2013-12-16,1660.93
2013-12-17,1655.44
2013-12-18,1647.44
2013-12-19,1641.38
2013-12-20,1629.65
2013-12-21,1629.65
2013-12-22,1629.65
2013-12-23,1630.03
2013-12-24,1620.27
2013-12-25,1617.27
2013-12-26,1625.54
2013-12-27,1638.81
2013-12-28,1638.81
2013-12-29,1638.81
2013-12-30,1654.1
2013-12-31,1659.34
2014-01-01,1659.34
2014-01-02,1678.37
2014-01-03,1693.96
2014-01-04,1693.96
2014-01-05,1693.96
2014-01-06,1693.04
2014-01-07,1721.16
2014-01-08,1722.74
2014-01-09,1736.61
2014-01-10,1722.19
2014-01-11,1722.19
2014-01-12,1722.19
2014-01-13,1712.39
2014-01-14,1704.7
2014-01-15,1702.94
2014-01-16,1708.18
2014-01-17,1712.17
2014-01-18,1712.17
2014-01-19,1712.17
2014-01-20,1716.17
2014-01-21,1717.31
2014-01-22,1719.92
2014-01-23,1723.47
2014-01-24,1723.26
2014-01-25,1723.26
2014-01-26,1723.26
2014-01-27,1722.55
2014-01-28,1723.21
2014-01-29,1721.85
2014-01-30,1723.22
2014-01-31,1723.22
2014-02-01,1723.22
2014-02-02,1723.22
2014-02-03,1722.89
2014-02-04,1726.32
2014-02-05,1728.95
2014-02-06,1730.29
2014-02-07,1736.65
2014-02-08,1736.65
2014-02-09,1736.65
2014-02-10,1741.45
2014-02-11,1744.1
2014-02-12,1747.58
2014-02-13,1748.69
2014-02-14,1749.68
2014-02-15,1749.68
2014-02-16,1749.68
2014-02-17,1749.8
2014-02-18,1748.83
2014-02-19,1755.88
2014-02-20,1761.96
2014-02-21,1769.66
2014-02-22,1769.66
2014-02-23,1769.66
2014-02-24,1776.11
2014-02-25,1780.82
2014-02-26,1783.94
2014-02-27,1787.59
2014-02-28,1752.38
2014-03-01,1752.38
2014-03-02,1752.38
2014-03-03,1751.61
2014-03-04,1750.33
2014-03-05,1766.52
2014-03-06,1770.73
2014-03-07,1775.05
2014-03-08,1775.05
2014-03-09,1775.05
2014-03-10,1776.97
2014-03-11,1775.3
2014-03-12,1768.58
2014-03-13,1767.94
2014-03-14,1764.8
2014-03-15,1764.8
2014-03-16,1764.8
2014-03-17,1767.93
2014-03-18,1768.81
2014-03-19,1769.87
2014-03-20,1773.96
2014-03-21,1775.8
2014-03-22,1775.8
2014-03-23,1775.8
2014-03-24,1778.93
2014-03-25,1781.28
2014-03-26,1785.16
2014-03-27,1784.28
2014-03-28,1782.54
2014-03-29,1782.54
2014-03-30,1782.54
2014-03-31,1782.01
2014-04-01,1782.55
2014-04-02,1782.76
2014-04-03,1784.49
2014-04-04,1784.87
2014-04-05,1784.87
2014-04-06,1784.87
2014-04-07,1778.05
2014-04-08,1782.12
2014-04-09,1782.46
2014-04-10,1780.86
2014-04-11,1778.78
2014-04-12,1778.78
2014-04-13,1778.78
2014-04-14,1779.12
2014-04-15,1778.89
2014-04-16,1778.4
2014-04-17,1779.92
2014-04-18,1781.38
2014-04-19,1781.38
2014-04-20,1781.38
2014-04-21,1781.27
2014-04-22,1784.83
2014-04-23,1785.37
2014-04-24,1788.46
2014-04-25,1790.48
2014-04-26,1790.48
2014-04-27,1790.48
2014-04-28,1792.29
2014-04-29,1796.94
2014-04-30,1796.19
2014-05-01,1795.35
2014-05-02,1796.01
2014-05-03,1796.01
2014-05-04,1796.01
2014-05-05,1798.29
2014-05-06,1800.05
2014-05-07,1801.97
2014-05-08,1806.72
2014-05-09,1808.9
2014-05-10,1808.9
2014-05-11,1808.9
2014-05-12,1808.13
2014-05-13,1810.68
2014-05-14,1813.99
2014-05-15,1818.55
2014-05-16,1816.4
2014-05-17,1816.4
2014-05-18,1816.4
2014-05-19,1812.51
2014-05-20,1819.32
2014-05-21,1824.55
2014-05-22,1826.09
2014-05-23,1825.14
2014-05-24,1825.14
2014-05-25,1825.14
2014-05-26,1821.39
2014-05-27,1825.34
2014-05-28,1821.46
2014-05-29,1818.32
2014-05-30,1818.65
2014-05-31,1818.65
2014-06-01,1818.65
2014-06-02,1821.08
2014-06-03,1823.82
2014-06-04,1823.62
2014-06-05,1826.3
2014-06-06,1825.21
2014-06-07,1825.21
2014-06-08,1825.21
2014-06-09,1823.34
2014-06-10,1824.83
2014-06-11,1824.78
2014-06-12,1824.7
2014-06-13,1824.14
2014-06-14,1824.14
2014-06-15,1824.14
2014-06-16,1824.55
2014-06-17,1825.14
2014-06-18,1823.2
2014-06-19,1824.94
2014-06-20,1824.1
2014-06-21,1824.1
2014-06-22,1824.1
2014-06-23,1824.65
2014-06-24,1825.13
2014-06-25,1825.67
2014-06-26,1826.56
2014-06-27,1825.84
2014-06-28,1825.84
2014-06-29,1825.84
2014-06-30,1825.74
2014-07-01,1826.41
2014-07-02,1826.3
2014-07-03,1826.95
2014-07-04,1827.7
2014-07-05,1827.7
2014-07-06,1827.7
2014-07-07,1829.87
2014-07-08,1832.65
2014-07-09,1834.71
2014-07-10,1838.54
2014-07-11,1838.54
2014-07-12,1838.54
2014-07-13,1838.54
2014-07-14,1838.54
2014-07-15,1838.54
2014-07-16,1836.95
2014-07-17,1840.25
2014-07-18,1841.93
2014-07-19,1841.93
2014-07-20,1841.93
2014-07-21,1843.9
2014-07-22,1846.65
2014-07-23,1849.51
2014-07-24,1853.09
2014-07-25,1856.92
2014-07-26,1856.92
2014-07-27,1856.92
2014-07-28,1860.88
2014-07-29,1867.19
2014-07-30,1870.0
2014-07-31,1870.92
2014-08-01,1867.78
2014-08-02,1867.78
2014-08-03,1867.78
2014-08-04,1869.77
2014-08-05,1872.15
2014-08-06,1874.73
2014-08-07,1878.81
2014-08-08,1880.99
2014-08-09,1880.99
2014-08-10,1880.99
2014-08-11,1884.0
2014-08-12,1888.01
2014-08-13,1891.98
2014-08-14,1897.73
2014-08-15,1886.67
2014-08-16,1886.67
2014-08-17,1886.67
2014-08-18,1871.57
2014-08-19,1859.45
2014-08-20,1858.68
2014-08-21,1855.58
2014-08-22,1847.7
2014-08-23,1847.7
2014-08-24,1847.7
2014-08-25,1835.86
2014-08-26,1829.01
2014-08-27,1826.34
2014-08-28,1817.66
2014-08-29,1811.03
2014-08-30,1811.03
2014-08-31,1811.03
2014-09-01,1802.5
2014-09-02,1802.97
2014-09-03,1819.24
2014-09-04,1832.41
2014-09-05,1834.51
2014-09-06,1834.51
2014-09-07,1834.51
2014-09-08,1836.72
2014-09-09,1841.35
2014-09-10,1842.63
2014-09-11,1844.59
2014-09-12,1844.22
2014-09-13,1844.22
2014-09-14,1844.22
2014-09-15,1844.12
2014-09-16,1843.84
2014-09-17,1842.61
2014-09-18,1838.75
2014-09-19,1838.84
2014-09-20,1838.84
2014-09-21,1838.84
2014-09-22,1838.99
2014-09-23,1838.97
2014-09-24,1839.3
2014-09-25,1839.04
2014-09-26,1839.34
2014-09-27,1839.34
2014-09-28,1839.34
2014-09-29,1840.54
2014-09-30,1840.91
2014-10-01,1841.35
2014-10-02,1841.54
2014-10-03,1842.21
2014-10-04,1842.21
2014-10-05,1842.21
2014-10-06,1842.95
2014-10-07,1843.76
2014-10-08,1844.48
2014-10-09,1846.28
2014-10-10,1846.47
2014-10-11,1846.47
2014-10-12,1846.47
2014-10-13,1845.71
2014-10-14,1848.75
2014-10-15,1849.72
2014-10-16,1850.53
2014-10-17,1850.11
2014-10-18,1850.11
2014-10-19,1850.11
2014-10-20,1851.39
2014-10-21,1852.31
2014-10-22,1852.67
2014-10-23,1853.3
2014-10-24,1853.21
2014-10-25,1853.21
2014-10-26,1853.21
2014-10-27,1854.56
2014-10-28,1856.44
2014-10-29,1857.3
2014-10-30,1861.2
2014-10-31,1862.36
2014-11-01,1862.36
2014-11-02,1862.36
2014-11-03,1866.02
2014-11-04,1869.21
2014-11-05,1868.58
2014-11-06,1873.23
2014-11-07,1873.41
2014-11-08,1873.41
2014-11-09,1873.41
2014-11-10,1873.43
2014-11-11,1873.54
2014-11-12,1874.86
2014-11-13,1876.9
2014-11-14,1876.45
2014-11-15,1876.45
2014-11-16,1876.45
2014-11-17,1878.36
2014-11-18,1879.23
2014-11-19,1881.65
2014-11-20,1883.13
2014-11-21,1885.8
2014-11-22,1885.8
2014-11-23,1885.8
2014-11-24,1887.83
2014-11-25,1890.43
2014-11-26,1892.79
2014-11-27,1895.32
2014-11-28,1895.17
2014-11-29,1895.17
2014-11-30,1895.17
2014-12-01,1888.95
2014-12-02,1875.74
2014-12-03,1875.59
2014-12-04,1875.37
2014-12-05,1875.73
2014-12-06,1875.73
2014-12-07,1875.73
2014-12-08,1879.17
2014-12-09,1880.37
2014-12-10,1882.04
2014-12-11,1888.44
2014-12-12,1889.95
2014-12-13,1889.95
2014-12-14,1889.95
2014-12-15,1891.3
2014-12-16,1895.89
2014-12-17,1897.1
2014-12-18,1890.02
2014-12-19,1871.32
2014-12-20,1871.32
2014-12-21,1871.32
2014-12-22,1869.98
2014-12-23,1878.16
2014-12-24,1881.48
2014-12-25,1881.02
2014-12-26,1884.33
2014-12-27,1884.33
2014-12-28,1884.33
2014-12-29,1884.33
2014-12-30,1885.6
2014-12-31,1888.44
2015-01-01,1888.44
2015-01-02,1888.44
2015-01-03,1888.44
2015-01-04,1888.44
2015-01-05,1892.91
2015-01-06,1902.52
2015-01-07,1909.47
2015-01-08,1924.9
2015-01-09,1925.91
2015-01-10,1926.44
2015-01-11,1926.44
2015-01-12,1929.59
2015-01-13,1933.44
2015-01-14,1938.97
2015-01-15,1940.2
2015-01-16,1932.86
2015-01-17,1932.86
2015-01-18,1932.86
2015-01-19,1936.78
2015-01-20,1940.8
2015-01-21,1942.39
2015-01-22,1944.43
2015-01-23,1944.06
2015-01-24,1944.06
2015-01-25,1944.06
2015-01-26,1944.02
2015-01-27,1944.61
2015-01-28,1943.64
2015-01-29,1943.97
2015-01-30,1944.78
2015-01-31,1944.78
2015-02-01,1944.78
2015-02-02,1944.24
2015-02-03,1946.23
2015-02-04,1946.07
2015-02-05,1949.54
2015-02-06,1949.09
2015-02-07,1949.09
2015-02-08,1949.09
2015-02-09,1951.09
2015-02-10,1956.17
2015-02-11,1957.58
2015-02-12,1961.25
2015-02-13,1961.42
2015-02-14,1961.42
2015-02-15,1961.42
2015-02-16,1965.08
2015-02-17,1968.61
2015-02-18,1973.57
2015-02-19,1973.57
2015-02-20,1973.57
2015-02-21,1973.57
2015-02-22,1973.57
2015-02-23,1974.69
2015-02-24,1975.95
2015-02-25,1982.89
2015-02-26,1973.53
2015-02-27,1974.52
2015-02-28,1974.52
2015-03-01,1974.52
2015-03-02,1974.25
2015-03-03,1977.95
2015-03-04,1979.2
2015-03-05,1984.44
2015-03-06,1985.51
2015-03-07,1985.51
2015-03-08,1985.51
2015-03-09,1986.45
2015-03-10,1987.98
2015-03-11,1988.54
2015-03-12,1988.19
2015-03-13,1987.43
2015-03-14,1987.43
2015-03-15,1987.43
2015-03-16,1985.1
2015-03-17,1988.42
2015-03-18,1989.18
2015-03-19,1989.92
2015-03-20,1989.71
2015-03-21,1989.71
2015-03-22,1989.71
2015-03-23,1986.55
2015-03-24,1992.63
2015-03-25,1993.92
2015-03-26,1989.51
2015-03-27,1985.14
2015-03-28,1985.14
2015-03-29,1985.14
2015-03-30,1982.09
2015-03-31,1984.69
2015-04-01,1983.05
2015-04-02,1985.4
2015-04-03,1985.85
2015-04-04,1985.85
2015-04-05,1985.85
2015-04-06,1986.04
2015-04-07,1986.45
2015-04-08,1986.16
2015-04-09,1985.95
2015-04-10,1985.1
2015-04-11,1985.1
2015-04-12,1985.1
2015-04-13,1984.15
2015-04-14,1984.52
2015-04-15,1982.99
2015-04-16,1980.61
2015-04-17,1970.79
2015-04-18,1970.79
2015-04-19,1970.79
2015-04-20,1970.35
2015-04-21,1969.85
2015-04-22,1964.66
2015-04-23,1964.01
2015-04-24,1962.81
2015-04-25,1962.81
2015-04-26,1962.81
2015-04-27,1963.84
2015-04-28,1963.03
2015-04-29,1962.33
2015-04-30,1960.41
2015-05-01,1959.23
2015-05-02,1959.23
2015-05-03,1959.23
2015-05-04,1958.09
2015-05-05,1954.19
2015-05-06,1952.93
2015-05-07,1948.51
2015-05-08,1947.56
2015-05-09,1947.56
2015-05-10,1947.56
2015-05-11,1945.45
2015-05-12,1944.13
2015-05-13,1943.34
2015-05-14,1943.88
2015-05-15,1943.19
2015-05-16,1943.19
2015-05-17,1943.19
2015-05-18,1940.73
2015-05-19,1940.6
2015-05-20,1939.09
2015-05-21,1936.77
2015-05-22,1935.23
2015-05-23,1935.23
2015-05-24,1935.23
2015-05-25,1927.89
2015-05-26,1925.01
2015-05-27,1917.55
2015-05-28,1914.13
2015-05-29,1907.32
2015-05-30,1907.32
2015-05-31,1907.32
2015-06-01,1907.32
2015-06-02,1901.92
2015-06-03,1896.38
2015-06-04,1890.81
2015-06-05,1877.91
2015-06-06,1877.91
2015-06-07,1877.91
2015-06-08,1869.69
2015-06-09,1866.47
2015-06-10,1863.41
2015-06-11,1863.61
2015-06-12,1862.17
2015-06-13,1862.17
2015-06-14,1862.17
2015-06-15,1872.13
2015-06-16,1882.64
2015-06-17,1898.95
2015-06-18,1913.32
2015-06-19,1917.38
2015-06-20,1917.38
2015-06-21,1917.38
2015-06-22,1923.22
2015-06-23,1928.9
2015-06-24,1931.93
2015-06-25,1942.56
2015-06-26,1948.93
2015-06-27,1948.93
2015-06-28,1948.93
2015-06-29,1953.19
2015-06-30,1963.56
2015-07-01,1969.39
2015-07-02,1977.48
2015-07-03,1976.72
2015-07-04,1976.72
2015-07-05,1976.72
2015-07-06,1972.08
2015-07-07,1972.54
2015-07-08,1967.05
2015-07-09,1971.62
2015-07-10,1973.45
2015-07-11,1973.45
2015-07-12,1973.45
2015-07-13,1973.45
2015-07-14,1973.45
2015-07-15,1973.45
2015-07-16,1983.41
2015-07-17,1984.28
2015-07-18,1984.28
2015-07-19,1984.28
2015-07-20,1976.44
2015-07-21,1974.79
2015-07-22,1978.29
2015-07-23,1986.88
2015-07-24,1985.06
2015-07-25,1985.06
2015-07-26,1985.06
2015-07-27,1984.84
2015-07-28,1978.8
2015-07-29,1982.42
2015-07-30,1985.06
2015-07-31,1985.06
2015-08-01,1985.06
2015-08-02,1985.06
2015-08-03,1986.27
2015-08-04,1988.03
2015-08-05,1987.99
2015-08-06,1987.84
2015-08-07,1987.92
2015-08-08,1987.92
2015-08-09,1987.92
2015-08-10,1988.42
2015-08-11,1989.0
2015-08-12,1990.59
2015-08-13,1991.18
2015-08-14,1992.16
2015-08-15,1992.16
2015-08-16,1992.16
2015-08-17,1992.93
2015-08-18,1991.57
2015-08-19,1993.22
2015-08-20,1991.89
2015-08-21,1992.69
2015-08-22,1992.69
2015-08-23,1992.69
2015-08-24,1989.59
2015-08-25,1990.56
2015-08-26,1992.65
2015-08-27,1992.18
2015-08-28,1991.88
2015-08-29,1991.88
2015-08-30,1991.88
2015-08-31,1991.49
2015-09-01,1992.17
2015-09-02,1991.91
2015-09-03,1993.93
2015-09-04,1993.28
2015-09-05,1993.28
2015-09-06,1993.28
2015-09-07,1989.47
2015-09-08,1993.35
2015-09-09,1994.89
2015-09-10,1995.73
2015-09-11,1997.26
2015-09-12,1997.26
2015-09-13,1997.26
2015-09-14,1993.94
2015-09-15,1986.49
2015-09-16,1990.09
2015-09-17,1992.5
2015-09-18,1993.59
2015-09-19,1993.59
2015-09-20,1993.59
2015-09-21,1993.66
2015-09-22,1995.17
2015-09-23,1995.28
2015-09-24,1996.27
2015-09-25,1996.76
2015-09-26,1996.76
2015-09-27,1996.76
2015-09-28,1993.89
2015-09-29,1996.99
2015-09-30,1996.83
2015-10-01,1996.27
2015-10-02,1996.69
2015-10-03,1996.69
2015-10-04,1996.69
2015-10-05,1996.34
2015-10-06,1995.06
2015-10-07,1995.99
2015-10-08,1993.59
2015-10-09,1994.45
2015-10-10,1994.45
2015-10-11,1994.45
2015-10-12,1994.63
2015-10-13,1994.43
2015-10-14,1994.64
2015-10-15,1990.36
2015-10-16,1992.78
2015-10-17,1992.78
2015-10-18,1992.78
2015-10-19,1992.53
2015-10-20,1991.22
2015-10-21,1991.98
2015-10-22,1992.26
2015-10-23,1991.7
2015-10-24,1991.7
2015-10-25,1991.7
2015-10-26,1993.26
2015-10-27,1991.3
2015-10-28,1992.12
2015-10-29,1990.43
2015-10-30,1991.67
2015-10-31,1991.67
2015-11-01,1991.67
2015-11-02,1992.09
2015-11-03,1992.84
2015-11-04,1992.52
2015-11-05,1993.15
2015-11-06,1992.09
2015-11-07,1992.09
2015-11-08,1992.09
2015-11-09,1992.79
2015-11-10,1992.84
2015-11-11,1993.09
2015-11-12,1993.09
2015-11-13,1989.53
2015-11-14,1989.53
2015-11-15,1989.53
2015-11-16,1991.59
2015-11-17,1991.7
2015-11-18,1992.76
2015-11-19,1993.46
2015-11-20,1992.95
2015-11-21,1992.95
2015-11-22,1992.95
2015-11-23,1993.42
2015-11-24,1993.84
2015-11-25,1993.81
2015-11-26,1994.36
2015-11-27,1994.28
2015-11-28,1994.28
2015-11-29,1994.28
2015-11-30,1994.83
2015-12-01,1995.39
2015-12-02,1995.86
2015-12-03,1996.77
2015-12-04,1996.9
2015-12-05,1996.9
2015-12-06,1996.9
2015-12-07,1997.04
2015-12-08,1997.36
2015-12-09,1997.56
2015-12-10,1997.42
2015-12-11,1994.16
2015-12-12,1994.16
2015-12-13,1994.16
2015-12-14,1996.02
2015-12-15,1993.47
2015-12-16,1995.3
2015-12-17,1996.37
2015-12-18,1996.03
2015-12-19,1996.03
2015-12-20,1996.03
2015-12-21,1996.25
2015-12-22,1996.27
2015-12-23,1996.32
2015-12-24,1996.5
2015-12-25,1992.71
2015-12-26,1992.71
2015-12-27,1992.71
2015-12-28,1993.32
2015-12-29,1993.32
2015-12-30,1995.98
2015-12-31,1995.51
2016-01-01,1995.51
2016-01-02,1995.51
2016-01-03,1995.51
2016-01-04,1996.66
2016-01-05,1997.63
2016-01-06,1998.14
2016-01-07,1998.61
2016-01-08,1998.32
2016-01-09,1998.32
2016-01-10,1998.32
2016-01-11,1998.23
2016-01-12,1998.88
2016-01-13,1999.37
2016-01-14,1999.93
2016-01-15,2003.48
2016-01-16,2003.48
2016-01-17,2003.48
2016-01-18,2004.88
2016-01-19,2006.79
2016-01-20,2007.31
2016-01-21,2007.1
2016-01-22,2007.09
2016-01-23,2007.09
2016-01-24,2007.09
2016-01-25,2006.44
2016-01-26,2007.68
2016-01-27,2007.81
2016-01-28,2008.59
2016-01-29,2011.38
2016-01-30,2011.38
2016-02-01,2010.73
2016-02-02,2013.38
2016-02-03,2014.43
2016-02-04,2017.42
2016-02-05,2018.53
2016-02-06,2018.53
2016-02-07,2018.53
2016-02-08,2018.82
2016-02-09,2018.82
2016-02-10,2018.82
2016-02-11,2018.82
2016-02-12,2019.42
2016-02-13,2019.42
2016-02-14,2019.42
2016-02-15,2020.45
2016-02-16,2021.72
2016-02-17,2022.11
2016-02-18,2026.75
2016-02-19,2029.3
2016-02-20,2029.3
2016-02-21,2029.3
2016-02-22,2029.17
2016-02-23,2033.45
2016-02-24,2034.32
2016-02-25,2037.14
2016-02-26,2036.88
2016-02-27,2036.88
2016-02-28,2036.88
2016-02-29,2032.47
2016-03-01,2034.64
2016-03-02,2037.59
2016-03-03,2040.97
2016-03-04,2042.34
2016-03-05,2042.34
2016-03-06,2042.34
2016-03-07,2045.88
2016-03-08,2045.88
2016-03-09,2047.0
2016-03-10,2048.18
2016-03-12,2047.92
2016-03-13,2047.92
2016-03-14,2046.52
2016-03-15,2044.82
2016-03-16,2041.62
2016-03-17,2046.21
2016-03-18,2047.66
2016-03-19,2047.66
2016-03-20,2047.66
2016-03-21,2048.21
2016-03-22,2048.62
2016-03-23,2049.36
2016-03-24,2050.15
2016-03-25,2050.69
2016-03-26,2050.69
2016-03-27,2050.69
2016-03-28,2050.85
2016-03-29,2050.77
2016-03-30,2050.73
2016-03-31,2048.9
2016-04-01,2048.79
2016-04-02,2048.79
2016-04-03,2048.79
2016-04-04,2047.17
2016-04-05,2042.49
2016-04-06,2042.75
2016-04-07,2032.89
2016-04-08,2026.93
2016-04-09,2026.93
2016-04-10,2026.93
2016-04-11,2023.91
2016-04-12,2020.04
2016-04-13,2013.15
2016-04-14,2008.46
2016-04-15,2005.08
2016-04-16,2005.08
2016-04-17,2005.08
2016-04-18,1992.39
2016-04-19,1986.24
2016-04-20,1978.39
2016-04-21,1982.67
2016-04-22,1980.38
2016-04-23,1980.38
2016-04-24,1980.38
2016-04-25,1996.27
2016-04-26,1996.79
2016-04-27,2005.71
2016-04-28,2009.41
2016-04-29,2011.84
2016-04-30,2011.84
2016-05-01,2011.84
2016-05-02,2015.41
2016-05-03,2017.26
2016-05-04,2019.89
2016-05-05,2020.79
2016-05-06,2021.03
2016-05-07,2021.03
2016-05-08,2021.03
2016-05-09,2021.4
2016-05-10,2020.06
2016-05-11,2017.93
2016-05-12,2012.16
2016-05-13,2003.01
2016-05-14,2003.01
2016-05-15,2003.01
2016-05-16,1998.7
2016-05-17,1991.54
2016-05-18,2001.86
2016-05-19,2001.09
2016-05-20,1998.33
2016-05-21,1998.33
2016-05-22,1998.33
2016-05-23,2000.2
2016-05-24,2000.01
2016-05-25,1997.83
2016-05-26,1998.6
2016-05-27,1994.96
2016-05-28,1994.96
2016-05-29,1994.96
2016-05-30,1990.53
2016-05-31,1988.53
2016-06-01,1988.53
2016-06-02,1988.95
2016-06-03,1984.44
2016-06-04,1984.44
2016-06-05,1984.44
2016-06-06,1984.65
2016-06-07,1985.41
2016-06-08,1980.48
2016-06-09,1980.11
2016-06-10,1974.22
2016-06-11,1974.22
2016-06-12,1974.22
2016-06-13,1970.18
2016-06-14,1970.45
2016-06-15,1961.13
2016-06-16,1956.76
2016-06-17,1952.72
2016-06-18,1952.72
2016-06-19,1952.72
2016-06-20,1950.34
2016-06-21,1947.12
2016-06-22,1941.9
2016-06-23,1941.72
2016-06-24,1938.76
2016-06-25,1938.76
2016-06-26,1938.76
2016-06-27,1944.46
2016-06-28,1962.53
2016-06-29,1962.53
2016-06-30,1982.25
2016-07-01,1992.76
2016-07-02,1992.76
2016-07-03,1992.76
2016-07-04,1995.62
2016-07-05,1993.87
2016-07-06,2007.44
2016-07-07,2012.24
2016-07-08,2017.57
2016-07-09,2017.57
2016-07-10,2017.57
2016-07-11,2017.57
2016-07-12,2017.57
2016-07-13,2017.57
2016-07-14,2017.57
2016-07-15,2017.57
2016-07-16,2017.57
2016-07-17,2017.57
2016-07-18,2023.2
2016-07-19,2032.54
2016-07-20,2037.51
2016-07-21,2043.4
2016-07-22,2048.74
2016-07-23,2048.74
2016-07-24,2048.74
2016-07-25,2049.3
2016-07-26,2053.05
2016-07-27,2061.7
2016-07-28,2068.43
2016-07-29,2073.09
2016-07-30,2073.09
2016-07-31,2073.09
2016-08-01,2074.64
2016-08-02,2087.61
2016-08-03,2090.84
2016-08-04,2098.3
2016-08-05,2111.27
2016-08-06,2111.27
2016-08-07,2111.27
2016-08-08,2122.65
2016-08-09,2131.81
2016-08-10,2141.59
2016-08-11,2152.07
2016-08-12,2169.44
2016-08-13,2169.44
2016-08-14,2169.44
2016-08-15,2187.38
2016-08-16,2237.32
2016-08-17,2251.99
2016-08-18,2265.28
2016-08-19,2263.7
2016-08-20,2263.7
2016-08-21,2263.7
2016-08-22,2260.05
2016-08-23,2257.87
2016-08-24,2254.97
2016-08-25,2250.95
2016-08-26,2253.24
2016-08-27,2253.24
2016-08-28,2253.24
2016-08-29,2233.56
2016-08-30,2231.93
2016-08-31,2219.65
2016-09-01,2207.7
2016-09-02,2211.58
2016-09-03,2211.58
2016-09-04,2211.58
2016-09-05,2213.18
2016-09-06,2212.61
2016-09-07,2220.22
2016-09-08,2223.62
2016-09-09,2232.86
2016-09-10,2232.86
2016-09-11,2232.86
2016-09-12,2232.65
2016-09-13,2238.52
2016-09-14,2240.74
2016-09-15,2244.97
2016-09-16,2246.43
2016-09-17,2246.43
2016-09-18,2246.43
2016-09-19,2247.86
2016-09-20,2247.52
2016-09-21,2249.42
2016-09-22,2253.61
2016-09-23,2257.89
2016-09-24,2257.89
2016-09-25,2257.89
2016-09-26,2263.94
2016-09-27,2272.82
2016-09-28,2277.62
2016-09-29,2284.39
2016-09-30,2287.3
2016-10-01,2287.3
2016-10-02,2287.3
2016-10-03,2290.03
2016-10-04,2289.67
2016-10-05,2281.78
2016-10-06,2275.79
2016-10-07,2273.59
2016-10-08,2273.59
2016-10-09,2273.59
2016-10-10,2269.97
2016-10-11,2271.98
2016-10-12,2272.75
2016-10-13,2286.28
2016-10-14,2290.92
2016-10-15,2290.92
2016-10-16,2290.92
2016-10-17,2306.59
2016-10-18,2319.29
2016-10-19,2319.29
2016-10-20,2326.58
2016-10-21,2330.86
2016-10-22,2330.86
2016-10-23,2330.86
2016-10-24,2335.88
2016-10-25,2340.11
2016-10-26,2348.86
2016-10-27,2363.1
2016-10-28,2374.21
2016-10-29,2374.21
2016-10-30,2374.21
2016-10-31,2374.21
2016-11-01,2381.65
2016-11-02,2388.45
2016-11-03,2396.13
2016-11-04,2406.41
2016-11-05,2406.41
2016-11-06,2406.41
2016-11-07,2413.08
2016-11-08,2420.95
2016-11-09,2428.08
2016-11-10,2453.39
2016-11-11,2452.98
2016-11-12,2452.98
2016-11-13,2452.98
2016-11-14,2459.55
2016-11-15,2446.56
2016-11-16,2424.44
2016-11-17,2428.64
2016-11-18,2434.22
2016-11-19,2434.22
2016-11-20,2434.22
2016-11-21,2434.67
2016-11-22,2445.29
2016-11-23,2451.72
2016-11-24,2459.66
2016-11-25,2459.66
2016-11-26,2459.66
2016-11-27,2459.66
2016-11-28,2462.6
2016-11-29,2465.57
2016-11-30,2466.64
2016-12-01,2468.07
2016-12-02,2468.68
2016-12-03,2468.68
2016-12-04,2468.68
2016-12-05,2470.03
2016-12-06,2472.63
2016-12-07,2474.86
2016-12-08,2475.65
2016-12-09,2478.64
2016-12-10,2478.64
2016-12-11,2478.64
2016-12-12,2480.65
2016-12-13,2483.0
2016-12-14,2487.58
2016-12-15,2488.17
2016-12-16,2489.3
2016-12-17,2489.3
2016-12-18,2489.3
2016-12-19,2488.49
2016-12-20,2488.82
2016-12-21,2489.68
2016-12-22,2490.34
2016-12-23,2490.24
2016-12-24,2490.24
2016-12-25,2490.24
2016-12-26,2490.11
2016-12-27,2486.98
2016-12-28,2489.53
2016-12-29,2489.53
2016-12-30,2489.53
2016-12-31,2489.53
2017-01-01,2489.53
2017-01-02,2489.43
2017-01-03,2491.48
2017-01-04,2493.0
2017-01-05,2497.12
2017-01-06,2498.08
2017-01-07,2498.71
2017-01-08,2498.71
2017-01-09,2498.62
2017-01-10,2498.75
2017-01-11,2497.66
2017-01-12,2497.04
2017-01-13,2495.28
2017-01-14,2495.28
2017-01-15,2495.28
2017-01-16,2495.29
2017-01-17,2490.83
2017-01-18,2495.23
2017-01-19,2491.83
2017-01-20,2489.44
2017-01-21,2489.44
2017-01-22,2489.44
2017-01-23,2487.89
2017-01-24,2484.27
2017-01-25,2479.91
2017-01-26,2474.49
2017-01-27,2465.63
2017-01-28,2465.63
2017-01-29,2465.63
2017-01-30,2463.23
2017-01-31,2459.44
2017-02-01,2463.13
2017-02-02,2471.0
2017-02-03,2474.2
2017-02-04,2474.2
2017-02-05,2474.2
2017-02-06,2476.13
2017-02-07,2477.86
2017-02-08,2479.41
2017-02-09,2481.67
2017-02-10,2483.59
2017-02-11,2483.59
2017-02-12,2483.59
2017-02-13,2485.16
2017-02-14,2485.38
2017-02-15,2482.58
2017-02-16,2483.39
2017-02-17,2483.11
2017-02-18,2483.11
2017-02-19,2483.11
2017-02-20,2482.29
2017-02-21,2479.84
2017-02-22,2476.02
2017-02-23,2473.63
2017-02-24,2470.83
2017-02-25,2470.83
2017-02-26,2470.83
2017-02-27,2470.83
2017-02-28,2470.83
2017-03-01,2470.83
2017-03-02,2470.84
2017-03-03,2470.25
2017-03-04,2470.25
2017-03-05,2470.25
2017-03-06,2468.55
2017-03-07,2466.88
2017-03-08,2466.88
2017-03-09,2464.0
2017-03-10,2461.32
2017-03-11,2461.32
2017-03-12,2461.32
2017-03-13,2458.8
2017-03-14,2458.38
2017-03-15,2457.12
2017-03-16,2454.96
2017-03-17,2457.12
2017-03-18,2457.12
2017-03-19,2457.12
2017-03-20,2458.1
2017-03-21,2457.58
2017-03-22,2459.38
2017-03-23,2459.57
2017-03-24,2459.18
2017-03-25,2459.18
2017-03-26,2459.18
2017-03-27,2458.85
2017-03-28,2456.03
2017-03-29,2453.83
2017-03-30,2452.44
2017-03-31,2447.45
2017-04-01,2447.45
2017-04-02,2447.45
2017-04-03,2443.38
2017-04-04,2441.55
2017-04-05,2437.51
2017-04-06,2435.25
2017-04-07,2428.75
2017-04-08,2428.75
2017-04-09,2428.75
2017-04-10,2421.28
2017-04-11,2419.66
2017-04-12,2410.87
2017-04-13,2408.75
2017-04-14,2406.8
2017-04-15,2406.8
2017-04-16,2406.8
2017-04-17,2404.89
2017-04-18,2411.53
2017-04-19,2415.98
2017-04-20,2422.08
2017-04-21,2422.58
2017-04-22,2422.58
2017-04-23,2422.58
2017-04-24,2422.41
2017-04-25,2423.16
2017-04-26,2420.51
2017-04-27,2420.57
2017-04-28,2419.42
2017-04-29,2419.42
2017-04-30,2419.42
2017-05-01,2419.02
2017-05-02,2418.67
2017-05-03,2417.32
2017-05-04,2416.02
2017-05-05,2414.38
2017-05-06,2414.38
2017-05-07,2414.38
2017-05-08,2414.25
2017-05-09,2413.21
2017-05-10,2411.55
2017-05-11,2411.6
2017-05-12,2411.77
2017-05-13,2411.77
2017-05-14,2411.77
2017-05-15,2414.84
2017-05-16,2418.6
2017-05-17,2418.37
2017-05-18,2418.32
2017-05-19,2418.19
2017-05-20,2418.19
2017-05-21,2418.19
2017-05-22,2417.2
2017-05-23,2416.51
2017-05-24,2411.04
2017-05-25,2408.31
2017-05-26,2404.49
2017-05-27,2404.49
2017-05-28,2404.49
2017-05-29,2406.33
2017-05-30,2402.35
2017-05-31,2397.97
2017-06-01,2397.97
2017-06-02,2395.19
2017-06-03,2395.19
2017-06-04,2395.19
2017-06-05,2389.86
2017-06-06,2387.54
2017-06-07,2383.68
2017-06-08,2377.95
2017-06-09,2375.6
2017-06-10,2375.6
2017-06-11,2375.6
2017-06-12,2374.81
2017-06-13,2372.16
2017-06-14,2369.95
2017-06-15,2368.32
2017-06-16,2364.81
2017-06-17,2364.81
2017-06-18,2364.81
2017-06-19,2361.68
2017-06-20,2359.27
2017-06-21,2358.54
2017-06-22,2355.51
2017-06-23,2361.12
2017-06-24,2361.12
2017-06-25,2361.12
2017-06-26,2361.12
2017-06-27,2353.38
2017-06-28,2350.22
2017-06-29,2349.21
2017-06-30,2349.87
2017-07-01,2349.87
2017-07-02,2349.87
2017-07-03,2352.27
2017-07-04,2358.99
2017-07-05,2371.37
2017-07-06,2387.08
2017-07-07,2387.08
2017-07-08,2387.08
2017-07-09,2387.08
2017-07-10,2387.08
2017-07-11,2387.08
2017-07-12,2387.08
2017-07-13,2387.08
2017-07-14,2387.08
2017-07-15,2387.08
2017-07-16,2402.54
2017-07-17,2404.31
2017-07-18,2410.96
2017-07-19,2418.07
2017-07-20,2418.84
2017-07-21,2422.49
2017-07-22,2422.49
2017-07-23,2422.49
2017-07-24,2424.34
2017-07-25,2424.68
2017-07-26,2430.5
2017-07-27,2437.55
2017-07-28,2441.63
2017-07-29,2441.63
2017-07-30,2441.63
2017-07-31,2444.95
2017-08-01,2449.52
2017-08-02,2455.81
2017-08-03,2457.34
2017-08-04,2456.17
2017-08-05,2456.17
2017-08-06,2456.17
2017-08-07,2450.58
2017-08-08,2448.16
2017-08-09,2447.51
2017-08-10,2443.52
2017-08-11,2442.06
2017-08-12,2442.06
2017-08-13,2442.06
2017-08-14,2441.0
2017-08-15,2441.41
2017-08-16,2444.19
2017-08-17,2444.9
2017-08-18,2444.42
2017-08-19,2444.42
2017-08-20,2444.42
2017-08-21,2444.38
2017-08-22,2443.25
2017-08-23,2440.53
2017-08-24,2440.08
2017-08-25,2436.66
2017-08-26,2436.66
2017-08-27,2436.66
2017-08-28,2434.74
2017-08-29,2433.65
2017-08-30,2431.25
2017-08-31,2430.05
2017-09-01,2431.16
2017-09-02,2431.16
2017-09-03,2431.16
2017-09-04,2433.17
2017-09-05,2435.35
2017-09-06,2437.33
2017-09-07,2438.69
2017-09-08,2441.52
2017-09-09,2441.52
2017-09-10,2441.52
2017-09-11,2446.79
2017-09-12,2451.72
2017-09-13,2454.66
2017-09-14,2456.78
2017-09-15,2460.55
2017-09-16,2460.55
2017-09-17,2460.55
2017-09-18,2465.03
2017-09-19,2468.25
2017-09-20,2466.86
2017-09-21,2465.12
2017-09-22,2465.72
2017-09-23,2465.72
2017-09-24,2465.72
2017-09-25,2466.64
2017-09-26,2463.82
2017-09-27,2463.02
2017-09-28,2463.42
2017-09-29,2464.43
2017-09-30,2464.43
2017-10-01,2464.43
2017-10-02,2465.28
2017-10-03,2463.12
2017-10-04,2462.97
2017-10-05,2462.43
2017-10-06,2459.85
2017-10-07,2459.85
2017-10-08,2459.85
2017-10-09,2460.68
2017-10-10,2461.06
2017-10-11,2460.48
2017-10-12,2460.51
2017-10-13,2460.58
2017-10-14,2460.58
2017-10-15,2460.58
2017-10-16,2457.47
2017-10-17,2456.91
2017-10-18,2456.92
2017-10-19,2455.84
2017-10-20,2455.77
2017-10-21,2455.77
2017-10-22,2455.77
2017-10-23,2455.14
2017-10-24,2455.56
2017-10-25,2456.04
2017-10-26,2456.05
2017-10-27,2456.21
2017-10-28,2456.21
2017-10-29,2456.21
2017-10-30,2456.2
2017-10-31,2456.17
2017-11-01,2456.22
2017-11-02,2455.86
2017-11-03,2455.43
2017-11-04,2455.43
2017-11-05,2455.43
2017-11-06,2454.37
2017-11-07,2455.2
2017-11-08,2454.08
2017-11-09,2453.79
2017-11-10,2452.82
2017-11-11,2452.82
2017-11-12,2452.82
2017-11-13,2452.31
2017-11-14,2450.9
2017-11-15,2445.54
2017-11-16,2444.25
2017-11-17,2444.96
2017-11-18,2444.96
2017-11-19,2444.96
2017-11-20,2445.66
2017-11-21,2444.27
2017-11-22,2444.01
2017-11-23,2444.27
2017-11-24,2444.11
2017-11-25,2444.11
2017-11-26,2444.11
2017-11-27,2444.6
2017-11-28,2444.32
2017-11-29,2444.38
2017-11-30,2443.57
2017-12-01,2443.72
2017-12-02,2443.72
2017-12-03,2443.72
2017-12-04,2442.22
2017-12-05,2441.66
2017-12-06,2440.77
2017-12-07,2439.64
2017-12-08,2438.16
2017-12-09,2438.16
2017-12-10,2438.16
2017-12-11,2437.41
2017-12-12,2437.18
2017-12-13,2436.27
2017-12-14,2436.29
2017-12-15,2434.22
2017-12-16,2434.22
2017-12-17,2434.22
2017-12-18,2425.78
2017-12-19,2428.21
2017-12-20,2427.09
2017-12-21,2426.27
2017-12-22,2426.41
2017-12-23,2426.41
2017-12-24,2426.41
2017-12-25,2427.17
2017-12-26,2426.79
2017-12-27,2427.4
2017-12-28,2427.13
2017-12-29,2427.13
2017-12-30,2427.13
2017-12-31,2427.13
2018-01-01,2427.13
2018-01-02,2428.23
2018-01-03,2428.21
2018-01-04,2428.91
2018-01-05,2430.35
2018-01-06,2430.35
2018-01-07,2430.35
2018-01-08,2432.64
2018-01-09,2432.32
2018-01-10,2433.66
2018-01-11,2433.67
2018-01-12,2432.75
2018-01-13,2432.75
2018-01-14,2432.75
2018-01-15,2431.51
2018-01-16,2429.73
2018-01-17,2424.68
2018-01-18,2422.78
2018-01-19,2423.37
2018-01-20,2423.37
2018-01-21,2423.37
2018-01-22,2422.3
2018-01-23,2421.07
2018-01-24,2420.19
2018-01-25,2420.08
2018-01-26,2417.73
2018-01-27,2417.73
2018-01-28,2417.73
2018-01-29,2418.95
2018-01-30,2419.09
2018-01-31,2417.71
2018-02-01,2416.38
2018-02-02,2415.43
2018-02-03,2415.43
2018-02-04,2415.43
2018-02-05,2414.84
2018-02-06,2412.92
2018-02-07,2410.67
2018-02-08,2409.64
2018-02-09,2405.35
2018-02-10,2405.35
2018-02-11,2405.35
2018-02-12,2402.06
2018-02-13,2400.13
2018-02-14,2396.26
2018-02-15,2395.85
2018-02-16,2395.85
2018-02-17,2395.85
2018-02-18,2395.85
2018-02-19,2397.63
2018-02-20,2398.21
2018-02-21,2398.26
2018-02-22,2398.35
2018-02-23,2397.69
2018-02-24,2397.69
2018-02-25,2397.69
2018-02-26,2395.93
2018-02-27,2395.3
2018-02-28,2394.23
2018-03-01,2393.81
2018-03-02,2393.75
2018-03-03,2393.75
2018-03-04,2393.75
2018-03-05,2393.88
2018-03-06,2393.92
2018-03-07,2394.18
2018-03-08,2394.18
2018-03-09,2394.77
2018-03-10,2394.77
2018-03-11,2394.77
2018-03-12,2394.91
2018-03-13,2396.22
2018-03-14,2395.4
2018-03-15,2395.47
2018-03-16,2397.19
2018-03-17,2397.19
2018-03-18,2397.19
2018-03-19,2398.38
2018-03-20,2398.42
2018-03-21,2398.69
2018-03-22,2396.93
2018-03-23,2396.35
2018-03-24,2396.35
2018-03-25,2396.35
2018-03-26,2395.23
2018-03-27,2394.68
2018-03-28,2394.03
2018-03-29,2393.84
2018-03-30,2392.77
2018-03-31,2392.77
2018-04-01,2392.77
2018-04-02,2392.45
2018-04-03,2391.64
2018-04-04,2390.79
2018-04-05,2391.14
2018-04-06,2391.58
2018-04-07,2391.58
2018-04-08,2391.58
2018-04-09,2391.46
2018-04-10,2391.45
2018-04-11,2392.76
2018-04-12,2392.93
2018-04-13,2393.93
2018-04-14,2393.93
2018-04-15,2393.93
2018-04-16,2396.68
2018-04-17,2394.17
2018-04-18,2394.15
2018-04-19,2393.52
2018-04-20,2394.96
2018-04-21,2394.96
2018-04-22,2394.96
2018-04-23,2395.9
2018-04-24,2397.07
2018-04-25,2397.82
2018-04-26,2398.64
2018-04-27,2401.65
2018-04-28,2401.65
2018-04-29,2401.65
2018-04-30,2402.86
2018-05-01,2402.14
2018-05-02,2402.67
2018-05-03,2402.19
2018-05-04,2402.6
2018-05-05,2402.6
2018-05-06,2402.6
2018-05-07,2402.1
2018-05-08,2402.94
2018-05-09,2402.06
2018-05-10,2401.85
2018-05-11,2401.46
2018-05-12,2401.46
2018-05-13,2401.46
2018-05-14,2400.49
2018-05-15,2401.0
2018-05-16,2401.3
2018-05-17,2404.05
2018-05-18,2405.65
2018-05-19,2405.65
2018-05-20,2405.65
2018-05-21,2405.92
2018-05-22,2408.41
2018-05-23,2410.95
2018-05-24,2411.51
2018-05-25,2410.82
2018-05-26,2410.82
2018-05-27,2410.82
2018-05-28,2410.38
2018-05-29,2410.07
2018-05-30,2409.04
2018-05-31,2409.8
2018-06-01,2409.8
2018-06-02,2409.8
2018-06-03,2409.8
2018-06-04,2409.73
2018-06-05,2409.95
2018-06-06,2411.27
2018-06-07,2412.04
2018-06-08,2412.8
2018-06-09,2412.8
2018-06-10,2412.8
2018-06-11,2414.29
2018-06-12,2414.45
2018-06-13,2414.54
2018-06-14,2415.21
2018-06-15,2418.64
2018-06-16,2418.64
2018-06-17,2418.64
2018-06-18,2423.66
2018-06-19,2426.54
2018-06-20,2441.23
2018-06-21,2450.98
2018-06-22,2454.05
2018-06-23,2454.05
2018-06-24,2454.05
2018-06-25,2460.9
2018-06-26,2464.61
2018-06-27,2464.44
2018-06-28,2463.29
2018-06-29,2462.82
2018-06-30,2462.82
2018-07-01,2462.82
2018-07-02,2462.78
2018-07-03,2462.84
2018-07-04,2463.15
2018-07-05,2463.46
2018-07-06,2463.31
2018-07-07,2463.31
2018-07-08,2463.31
2018-07-09,2463.2
2018-07-10,2461.66
2018-07-11,2461.66
2018-07-12,2461.66
2018-07-13,2461.66
2018-07-14,2461.66
2018-07-15,2461.66
2018-07-16,2461.6
2018-07-17,2461.17
2018-07-18,2461.2
2018-07-19,2461.28
2018-07-20,2461.66
2018-07-21,2461.66
2018-07-22,2461.66
2018-07-23,2463.24
2018-07-24,2463.02
2018-07-25,2464.84
2018-07-26,2464.05
2018-07-27,2464.44
2018-07-28,2464.44
2018-07-29,2464.44
2018-07-30,2463.61
2018-07-31,2463.25
2018-08-01,2462.51
2018-08-02,2460.57
2018-08-03,2457.53
2018-08-04,2457.53
2018-08-05,2457.53
2018-08-06,2456.45
2018-08-07,2456.05
2018-08-08,2455.5
2018-08-09,2455.7
2018-08-10,2455.99
2018-08-11,2455.99
2018-08-12,2455.99
2018-08-13,2458.22
2018-08-14,2458.64
2018-08-15,2460.07
2018-08-16,2463.71
2018-08-17,2464.56
2018-08-18,2464.56
2018-08-19,2464.56
2018-08-20,2467.76
2018-08-21,2468.94
2018-08-22,2468.38
2018-08-23,2469.36
2018-08-24,2469.79
2018-08-25,2469.79
2018-08-26,2469.79
2018-08-27,2472.18
2018-08-28,2472.73
2018-08-29,2473.65
2018-08-30,2473.43
2018-08-31,2472.99
2018-09-01,2472.99
2018-09-02,2472.99
2018-09-03,2473.44
2018-09-04,2473.83
2018-09-05,2475.52
2018-09-06,2476.24
2018-09-07,2479.46
2018-09-08,2479.46
2018-09-09,2479.46
2018-09-10,2480.81
2018-09-11,2483.89
2018-09-12,2487.13
2018-09-13,2493.35
2018-09-14,2497.65
2018-09-15,2497.65
2018-09-16,2497.65
2018-09-17,2500.82
2018-09-18,2503.41
2018-09-19,2511.22
2018-09-20,2515.22
2018-09-21,2521.27
2018-09-22,2521.27
2018-09-23,2521.27
2018-09-24,2523.1
2018-09-25,2533.95
2018-09-26,2538.38
2018-09-27,2545.29
2018-09-28,2552.13
2018-09-29,2552.13
2018-09-30,2552.13
2018-10-01,2550.04
2018-10-02,2564.4
2018-10-03,2567.26
2018-10-04,2568.08
2018-10-05,2567.15
2018-10-06,2567.15
2018-10-07,2567.15
2018-10-08,2566.33
2018-10-09,2565.99
2018-10-10,2564.87
2018-10-11,2563.77
2018-10-12,2563.84
2018-10-13,2563.84
2018-10-14,2563.84
2018-10-15,2564.65
2018-10-16,2564.9
2018-10-17,2564.9
2018-10-18,2562.9
2018-10-19,2564.24
2018-10-20,2564.24
2018-10-21,2564.24
2018-10-22,2563.79
2018-10-23,2563.78
2018-10-24,2563.67
2018-10-25,2563.66
2018-10-26,2563.94
2018-10-27,2563.94
2018-10-28,2563.94
2018-10-29,2564.15
2018-10-30,2564.55
2018-10-31,2564.44
2018-11-01,2564.89
2018-11-02,2565.74
2018-11-03,2565.74
2018-11-04,2565.74
2018-11-05,2565.9
2018-11-06,2565.73
2018-11-07,2566.89
2018-11-08,2566.89
2018-11-09,2566.89
2018-11-10,2566.89
2018-11-11,2566.89
2018-11-12,2567.17
2018-11-13,2568.67
2018-11-14,2568.85
2018-11-15,2569.63
2018-11-16,2572.5
2018-11-17,2574.65
2018-11-18,2574.65
2018-11-19,2577.23
2018-11-20,2580.79
2018-11-21,2586.33
2018-11-22,2590.68
2018-11-23,2596.89
2018-11-24,2596.89
2018-11-25,2596.89
2018-11-26,2596.89
2018-11-27,2603.25
2018-11-28,2605.84
2018-11-29,2618.94
2018-11-30,2627.04
2018-12-01,2627.04
2018-12-02,2627.04
2018-12-03,2632.53
2018-12-04,2639.21
2018-12-05,2634.19
2018-12-06,2632.9
2018-12-07,2634.5
2018-12-08,2634.5
2018-12-09,2634.5
2018-12-10,2634.4
2018-12-11,2634.26
2018-12-12,2634.83
2018-12-13,2635.0
2018-12-14,2634.99
2018-12-15,2634.99
2018-12-16,2634.99
2018-12-17,2635.88
2018-12-18,2636.78
2018-12-19,2636.67
2018-12-20,2637.63
2018-12-21,2638.03
2018-12-22,2638.03
2018-12-23,2638.03
2018-12-24,2639.86
2018-12-25,2642.01
2018-12-26,2641.33
2018-12-27,2642.81
2018-12-28,2642.92
2018-12-29,2642.92
2018-12-30,2642.92
2018-12-31,2643.69
2019-01-01,2643.69
2019-01-02,2648.02
2019-01-03,2653.25
2019-01-04,2650.55
2019-01-05,2650.55
2019-01-06,2650.55
2019-01-07,2657.97
2019-01-08,2663.98
2019-01-09,2666.36
2019-01-10,2666.72
2019-01-11,2666.14
2019-01-14,2665.73
2019-01-15,2662.86
2019-01-16,2660.12
2019-01-17,2655.96
2019-01-18,2650.55
2019-01-19,2650.55
2019-01-20,2650.55
2019-01-21,2648.87
2019-01-22,2646.3
2019-01-23,2640.31
2019-01-24,2636.0
2019-01-25,2632.72
2019-01-26,2632.72
2019-01-27,2632.72
2019-01-28,2631.65
2019-01-29,2630.5
2019-01-30,2629.69
2019-01-31,2628.7
2019-02-01,2629.76
2019-02-02,2630.4
2019-02-04,2630.93
2019-02-05,2630.93
2019-02-06,2630.93
2019-02-07,2630.93
2019-02-08,2630.93
2019-02-09,2630.93
2019-02-10,2630.93
2019-02-11,2631.45
2019-02-12,2631.58
2019-02-13,2632.53
2019-02-14,2632.52
2019-02-15,2632.71
2019-02-16,2632.71
2019-02-17,2632.71
2019-02-18,2633.79
2019-02-19,2634.97
2019-02-20,2635.25
2019-02-21,2635.11
2019-02-22,2635.29
2019-02-23,2635.29
2019-02-24,2635.29
2019-02-25,2634.48
2019-02-26,2635.8
2019-02-27,2635.46
2019-02-28,2635.33
2019-03-01,2635.34
2019-03-02,2635.34
2019-03-03,2635.34
2019-03-04,2634.79
2019-03-05,2634.8
2019-03-06,2634.44
2019-03-07,2634.61
2019-03-08,2634.61
2019-03-09,2634.61
2019-03-10,2634.61
2019-03-11,2634.3
2019-03-12,2632.8
2019-03-13,2632.73
2019-03-14,2631.0
2019-03-15,2631.6
2019-03-16,2631.6
2019-03-17,2631.6
2019-03-18,2631.54
2019-03-19,2631.91
2019-03-20,2631.41
2019-03-21,2631.25
2019-03-22,2630.86
2019-03-23,2630.86
2019-03-24,2630.86
2019-03-25,2631.37
2019-03-26,2631.17
2019-03-27,2631.28
2019-03-28,2631.53
2019-03-29,2631.51
2019-03-30,2631.51
2019-03-31,2631.51
2019-04-01,2631.43
2019-04-02,2632.08
2019-04-03,2632.0
2019-04-04,2631.95
2019-04-05,2631.58
2019-04-06,2631.58
2019-04-07,2631.58
2019-04-08,2631.3
2019-04-09,2631.64
2019-04-10,2631.58
2019-04-11,2631.93
2019-04-12,2631.77
2019-04-13,2631.77
2019-04-14,2631.77
2019-04-15,2632.18
2019-04-16,2633.38
2019-04-17,2635.13
2019-04-18,2636.4
2019-04-19,2635.94
2019-04-20,2635.94
2019-04-21,2635.94
2019-04-22,2637.12
2019-04-23,2638.33
2019-04-24,2637.96
2019-04-25,2639.99
2019-04-26,2639.51
2019-04-27,2639.51
2019-04-28,2639.51
2019-04-29,2642.42
2019-04-30,2642.78
2019-05-01,2643.07
2019-05-02,2642.95
2019-05-03,2641.58
2019-05-04,2641.58
2019-05-05,2641.58
2019-05-06,2641.72
2019-05-07,2642.23
2019-05-08,2642.76
2019-05-09,2642.43
2019-05-10,2642.01
2019-05-11,2642.01
2019-05-12,2642.01
2019-05-13,2642.7
2019-05-14,2643.22
2019-05-15,2644.04
2019-05-16,2645.21
2019-05-17,2646.21
2019-05-18,2646.21
2019-05-19,2646.21
2019-05-20,2647.18
2019-05-21,2647.76
2019-05-22,2647.1
2019-05-23,2647.34
2019-05-24,2647.27
2019-05-25,2647.27
2019-05-26,2647.27
2019-05-27,2647.69
2019-05-28,2647.83
2019-05-29,2648.29
2019-05-30,2648.73
2019-05-31,2649.35
2019-06-01,2649.35
2019-06-02,2649.35
2019-06-03,2650.3
2019-06-04,2650.87
2019-06-05,2651.04
2019-06-06,2651.72
2019-06-07,2652.13
2019-06-08,2652.13
2019-06-09,2652.13
2019-06-10,2651.87
2019-06-11,2652.43
2019-06-12,2653.14
2019-06-13,2653.87
2019-06-14,2654.41
2019-06-15,2654.41
2019-06-16,2654.41
2019-06-17,2655.19
2019-06-18,2656.05
2019-06-19,2656.1
2019-06-20,2656.18
2019-06-21,2657.02
2019-06-22,2657.02
2019-06-23,2657.02
2019-06-24,2657.31
2019-06-25,2657.07
2019-06-26,2657.51
2019-06-27,2657.47
2019-06-28,2657.76
2019-06-29,2657.76
2019-06-30,2657.76
2019-07-01,2657.92
2019-07-02,2658.24
2019-07-03,2658.11
2019-07-04,2658.65
2019-07-05,2658.59
2019-07-06,2658.59
2019-07-07,2658.59
2019-07-08,2659.07
2019-07-09,2659.34
2019-07-10,2659.5
2019-07-11,2659.5
2019-07-12,2659.5
2019-07-13,2659.5
2019-07-14,2659.5
2019-07-15,2659.5
2019-07-16,2660.69
2019-07-17,2660.75
2019-07-18,2662.1
2019-07-19,2661.76
2019-07-20,2661.76
2019-07-21,2661.76
2019-07-22,2662.9
2019-07-23,2663.58
2019-07-24,2663.67
2019-07-25,2664.1
2019-07-26,2665.32
2019-07-27,2665.32
2019-07-28,2665.32
2019-07-29,2665.04
2019-07-30,2665.62
2019-07-31,2666.0
2019-08-01,2666.5
2019-08-02,2666.99
2019-08-03,2666.99
2019-08-04,2666.99
2019-08-05,2665.0
2019-08-06,2667.12
2019-08-07,2665.94
2019-08-08,2667.38
2019-08-09,2668.86
2019-08-10,2668.86
2019-08-11,2668.86
2019-08-12,2671.77
2019-08-13,2671.77
2019-08-14,2672.25
2019-08-15,2672.3
2019-08-16,2672.87
2019-08-17,2672.87
2019-08-18,2672.87
2019-08-19,2672.73
2019-08-20,2672.74
2019-08-21,2673.17
2019-08-22,2672.82
2019-08-23,2671.55
2019-08-24,2671.55
2019-08-25,2671.55
2019-08-26,2672.03
2019-08-27,2672.39
2019-08-28,2671.89
2019-08-29,2671.81
2019-08-30,2672.0
2019-08-31,2672.0
2019-09-01,2672.0
2019-09-02,2671.81
2019-09-03,2671.81
2019-09-04,2671.53
2019-09-05,2671.62
2019-09-06,2671.79
2019-09-07,2671.58
2019-09-08,2671.58
2019-09-09,2671.57
2019-09-10,2671.25
2019-09-11,2671.12
2019-09-12,2670.65
2019-09-13,2670.87
2019-09-14,2670.87
2019-09-15,2670.87
2019-09-16,2670.51
2019-09-17,2669.57
2019-09-18,2669.02
2019-09-19,2668.47
2019-09-20,2667.91
2019-09-21,2667.91
2019-09-22,2667.91
2019-09-23,2667.43
2019-09-24,2666.66
2019-09-25,2667.45
2019-09-26,2667.69
2019-09-27,2667.64
2019-09-28,2667.64
2019-09-29,2667.64
2019-09-30,2667.21
2019-10-01,2667.08
2019-10-02,2667.64
2019-10-03,2667.23
2019-10-04,2667.7
2019-10-05,2667.7
2019-10-06,2667.7
2019-10-07,2668.31
2019-10-08,2669.12
2019-10-09,2669.04
2019-10-10,2670.43
2019-10-11,2669.96
2019-10-12,2669.96
2019-10-13,2669.96
2019-10-14,2670.53
2019-10-15,2671.6
2019-10-16,2674.62
2019-10-17,2676.12
2019-10-18,2679.03
2019-10-19,2679.03
2019-10-20,2679.03
2019-10-21,2683.19
2019-10-22,2684.35
2019-10-23,2683.69
2019-10-24,2686.8
2019-10-25,2685.97
2019-10-26,2685.97
2019-10-27,2685.97
2019-10-28,2690.29
2019-10-29,2692.43
2019-10-30,2697.83
2019-10-31,2701.17
2019-11-01,2701.11
2019-11-02,2701.11
2019-11-03,2701.11
2019-11-04,2702.31
2019-11-05,2703.24
2019-11-06,2703.39
2019-11-07,2703.61
2019-11-08,2702.87
2019-11-09,2702.87
2019-11-10,2702.87
2019-11-11,2702.33
2019-11-12,2703.07
2019-11-13,2702.74
2019-11-14,2703.09
2019-11-15,2702.99
2019-11-16,2702.99
2019-11-17,2702.99
2019-11-18,2703.56
2019-11-19,2705.69
2019-11-20,2705.07
2019-11-21,2708.32
2019-11-22,2706.68
2019-11-23,2706.68
2019-11-24,2706.68
2019-11-25,2710.51
2019-11-26,2710.51
2019-11-27,2710.51
2019-11-28,2714.13
2019-11-29,2715.22
2019-11-30,2715.22
2019-12-01,2715.22
2019-12-02,2717.08
2019-12-03,2719.38
2019-12-04,2720.66
2019-12-05,2720.52
2019-12-06,2721.72
2019-12-07,2721.72
2019-12-08,2721.72
2019-12-09,2722.35
2019-12-10,2723.6
2019-12-11,2723.82
2019-12-12,2724.04
2019-12-13,2726.12
2019-12-14,2726.12
2019-12-15,2726.12
2019-12-16,2727.25
2019-12-17,2729.14
2019-12-18,2730.15
2019-12-19,2730.91
2019-12-20,2731.72
2019-12-21,2731.72
2019-12-22,2731.72
2019-12-23,2732.43
2019-12-24,2732.72
2019-12-25,2733.25
2019-12-26,2733.28
2019-12-27,2733.53
2019-12-28,2733.53
2019-12-29,2733.53
2019-12-30,2733.52
2019-12-31,2734.33
2020-01-01,2734.33
2020-01-02,2734.92
2020-01-03,2735.88
2020-01-04,2735.88
2020-01-05,2735.88
2020-01-06,2736.76
2020-01-07,2737.8
2020-01-08,2737.43
2020-01-09,2738.74
2020-01-10,2738.92
2020-01-11,2738.92
2020-01-12,2738.92
2020-01-13,2741.52
2020-01-14,2742.83
2020-01-15,2742.38
2020-01-16,2744.02
2020-01-17,2746.22
2020-01-18,2746.22
2020-01-19,2746.22
2020-01-20,2747.94
2020-01-21,2748.32
2020-01-22,2748.61
2020-01-23,2749.24
2020-01-24,2749.37
2020-01-25,2749.37
2020-01-26,2749.37
2020-01-27,2750.34
2020-01-28,2750.8
2020-01-29,2751.19
2020-01-30,2751.61
2020-01-31,2751.57
2020-02-01,2751.57
2020-02-02,2751.57
2020-02-03,2752.32
2020-02-04,2752.65
2020-02-05,2752.97
2020-02-06,2753.97
2020-02-07,2753.93
2020-02-08,2753.93
2020-02-09,2753.93
2020-02-10,2754.16
2020-02-11,2754.15
2020-02-12,2755.28
2020-02-13,2755.56
2020-02-14,2756.26
2020-02-15,2756.26
2020-02-16,2756.26
2020-02-17,2757.29
2020-02-18,2758.39
2020-02-19,2758.95
2020-02-20,2759.65
2020-02-21,2760.89
2020-02-22,2760.89
2020-02-23,2760.89
2020-02-24,2760.89
2020-02-25,2760.89
2020-02-26,2760.89
2020-02-27,2761.69
2020-02-28,2762.71
2020-02-29,2762.71
2020-03-01,2762.71
2020-03-02,2763.26
2020-03-03,2764.18
2020-03-04,2763.69
2020-03-05,2764.27
2020-03-06,2764.36
2020-03-07,2764.36
2020-03-08,2764.36
2020-03-09,2765.01
2020-03-10,2766.66
2020-03-11,2766.53
2020-03-12,2766.69
2020-03-13,2767.52
2020-03-14,2767.52
2020-03-15,2767.52
2020-03-16,2768.04
2020-03-17,2768.88
2020-03-18,2769.17
2020-03-19,2769.73
2020-03-20,2770.76
2020-03-21,2770.76
2020-03-22,2770.76
2020-03-23,2771.41
2020-03-24,2772.18
2020-03-25,2773.0
2020-03-26,2774.29
2020-03-27,2775.43
2020-03-28,2775.43
2020-03-29,2775.43
2020-03-30,2775.89
2020-03-31,2777.74
2020-04-01,2776.98
2020-04-02,2779.01
2020-04-03,2779.78
2020-04-04,2779.78
2020-04-05,2779.78
2020-04-06,2780.65
2020-04-07,2781.09
2020-04-08,2781.19
2020-04-09,2781.42
2020-04-10,2781.94
2020-04-11,2781.94
2020-04-12,2781.94
2020-04-13,2781.59
2020-04-14,2782.46
2020-04-15,2781.94
2020-04-16,2782.62
2020-04-17,2783.67
2020-04-18,2783.67
2020-04-19,2783.67
2020-04-20,2783.92
2020-04-21,2784.78
2020-04-22,2784.58
2020-04-23,2785.12
2020-04-24,2785.62
2020-04-25,2785.62
2020-04-26,2785.62
2020-04-27,2786.41
2020-04-28,2787.28
2020-04-29,2788.46
2020-04-30,2788.91
2020-05-01,2788.93
2020-05-02,2788.93
2020-05-03,2788.93
2020-05-04,2789.53
2020-05-05,2790.65
2020-05-06,2790.25
2020-05-07,2791.57
2020-05-08,2791.49
2020-05-09,2791.49
2020-05-10,2791.49
2020-05-11,2792.5
2020-05-12,2793.39
2020-05-13,2794.64
2020-05-14,2795.61
2020-05-15,2796.8
2020-05-16,2796.8
2020-05-17,2796.8
2020-05-18,2798.23
2020-05-19,2799.88
2020-05-20,2799.62
2020-05-21,2801.77
2020-05-22,2801.2
2020-05-23,2801.2
2020-05-24,2801.2
2020-05-25,2803.58
2020-05-26,2805.41
2020-05-27,2804.74
2020-05-28,2806.96
2020-05-29,2805.97
2020-05-30,2805.97
2020-05-31,2805.97
2020-06-01,2805.97
2020-06-02,2808.78
2020-06-03,2807.59
2020-06-04,2809.64
2020-06-05,2809.64
2020-06-06,2809.64
2020-06-07,2809.64
2020-06-08,2808.97
2020-06-09,2810.94
2020-06-10,2811.69
2020-06-11,2813.32
2020-06-12,2813.22
2020-06-13,2813.22
2020-06-14,2813.22
2020-06-15,2817.01
2020-06-16,2817.61
2020-06-17,2819.18
2020-06-18,2819.86
2020-06-19,2819.57
2020-06-20,2819.57
2020-06-21,2819.57
2020-06-22,2819.91
2020-06-23,2820.59
2020-06-24,2820.59
2020-06-25,2820.57
2020-06-26,2821.08
2020-06-27,2821.08
2020-06-28,2821.08
2020-06-29,2822.98
2020-06-30,2823.89
2020-07-01,2824.16
2020-07-02,2826.6
2020-07-03,2826.14
2020-07-04,2826.14
2020-07-05,2826.14
2020-07-06,2828.11
2020-07-07,2830.37
2020-07-08,2829.7
2020-07-09,2832.64
2020-07-10,2832.22
2020-07-11,2832.22
2020-07-12,2832.22
2020-07-13,2832.22
2020-07-14,2832.22
2020-07-15,2832.22
2020-07-16,2834.88
2020-07-17,2834.5
2020-07-18,2834.5
2020-07-19,2834.5
2020-07-20,2839.25
2020-07-21,2841.23
2020-07-22,2841.3
2020-07-23,2842.07
2020-07-24,2842.11
2020-07-25,2842.11
2020-07-26,2842.11
2020-07-27,2843.93
2020-07-28,2844.58
2020-07-29,2844.42
2020-07-30,2845.28
2020-07-31,2844.7
2020-08-01,2844.7
2020-08-02,2844.7
2020-08-03,2845.8
2020-08-04,2846.12
2020-08-05,2846.09
2020-08-06,2846.32
2020-08-07,2846.32
2020-08-08,2846.32
2020-08-09,2846.32
2020-08-10,2846.25
2020-08-11,2847.44
2020-08-12,2847.41
2020-08-13,2848.45
2020-08-14,2847.99
2020-08-15,2847.99
2020-08-16,2847.99
2020-08-17,2848.51
2020-08-18,2849.9
2020-08-19,2849.35
2020-08-20,2850.19
2020-08-21,2850.89
2020-08-22,2850.89
2020-08-23,2850.89
2020-08-24,2851.41
2020-08-25,2851.71
2020-08-26,2852.12
2020-08-27,2853.17
2020-08-28,2852.83
2020-08-29,2852.83
2020-08-30,2852.83
2020-08-31,2852.94
2020-09-01,2853.26
2020-09-02,2853.37
2020-09-03,2853.43
2020-09-04,2853.4
2020-09-05,2853.4
2020-09-06,2853.4
2020-09-07,2853.67
2020-09-08,2853.85
2020-09-09,2854.21
2020-09-10,2854.69
2020-09-11,2854.77
2020-09-12,2854.77
2020-09-13,2854.77
2020-09-14,2853.98
2020-09-15,2854.48
2020-09-16,2854.35
2020-09-17,2854.58
2020-09-18,2854.35
2020-09-19,2854.35
2020-09-20,2854.35
2020-09-21,2854.5
2020-09-22,2854.46
2020-09-23,2855.05
2020-09-24,2854.47
2020-09-25,2853.64
2020-09-26,2853.64
2020-09-27,2853.64
2020-09-28,2854.4
2020-09-29,2854.07
2020-09-30,2854.72
2020-10-01,2854.74
2020-10-02,2854.92
2020-10-03,2854.92
2020-10-04,2854.92
2020-10-05,2854.7
2020-10-06,2854.58
2020-10-07,2854.61
2020-10-08,2854.92
2020-10-09,2854.72
2020-10-10,2854.72
2020-10-11,2854.72
2020-10-12,2854.45
2020-10-13,2854.3
2020-10-14,2853.5
2020-10-15,2853.5
2020-10-16,2853.47
2020-10-17,2853.47
2020-10-18,2853.47
2020-10-19,2852.76
2020-10-20,2853.15
2020-10-21,2852.85
2020-10-22,2852.88
2020-10-23,2852.33
2020-10-24,2852.33
2020-10-25,2852.33
2020-10-26,2852.81
2020-10-27,2852.85
2020-10-28,2852.71
2020-10-29,2852.41
2020-10-30,2851.99
2020-10-31,2851.99
2020-11-01,2851.99
2020-11-02,2851.69
2020-11-03,2851.27
2020-11-04,2850.84
2020-11-05,2850.57
2020-11-06,2849.83
2020-11-07,2849.83
2020-11-08,2849.83
2020-11-09,2850.22
2020-11-10,2850.13
2020-11-11,2850.35
2020-11-12,2849.89
2020-11-13,2849.48
2020-11-14,2849.48
2020-11-15,2849.48
2020-11-16,2849.48
2020-11-17,2849.73
2020-11-18,2849.92
2020-11-19,2849.87
2020-11-20,2849.6
2020-11-21,2849.6
2020-11-22,2849.6
2020-11-23,2849.74
2020-11-24,2848.94
2020-11-25,2849.59
2020-11-26,2849.59
2020-11-27,2849.51
2020-11-28,2849.51
2020-11-29,2849.51
2020-11-30,2849.66
2020-12-01,2849.43
2020-12-02,2849.69
2020-12-03,2849.46
2020-12-04,2849.26
2020-12-05,2849.26
2020-12-06,2849.26
2020-12-07,2849.33
2020-12-08,2849.37
2020-12-09,2849.51
2020-12-10,2850.01
2020-12-11,2849.65
2020-12-12,2849.65
2020-12-13,2849.65
2020-12-14,2849.56
2020-12-15,2849.92
2020-12-16,2849.75
2020-12-17,2849.69
2020-12-18,2849.77
2020-12-19,2849.77
2020-12-20,2849.77
2020-12-21,2849.47
2020-12-22,2849.67
2020-12-23,2849.06
2020-12-24,2849.3
2020-12-25,2849.29
2020-12-26,2849.29
2020-12-27,2849.29
2020-12-28,2849.48
2020-12-29,2849.48
2020-12-30,2849.51
2020-12-31,2849.89
2021-01-01,2849.89
2021-01-02,2849.89
2021-01-03,2849.89
2021-01-04,2850.03
2021-01-05,2849.82
2021-01-06,2850.03
2021-01-07,2849.84
2021-01-08,2849.9
2021-01-09,2849.9
2021-01-10,2849.9
2021-01-11,2849.71
2021-01-12,2849.79
2021-01-13,2849.81
2021-01-14,2849.81
2021-01-15,2849.92
2021-01-16,2849.92
2021-01-17,2849.92
2021-01-18,2849.85
2021-01-19,2849.98
2021-01-20,2849.9
2021-01-21,2849.57
2021-01-22,2849.47
2021-01-23,2849.47
2021-01-24,2849.47
2021-01-25,2849.51
2021-01-26,2849.55
2021-01-27,2849.83
2021-01-28,2849.86
2021-01-29,2850.12
2021-01-30,2850.12
2021-01-31,2850.12
2021-02-01,2850.19
2021-02-02,2850.08
2021-02-03,2850.02
2021-02-04,2849.66
2021-02-05,2849.72
2021-02-06,2849.72
2021-02-07,2849.72
2021-02-08,2849.6
2021-02-09,2849.34
2021-02-10,2849.76
2021-02-11,2849.4
2021-02-12,2849.4
2021-02-13,2849.4
2021-02-14,2849.4
2021-02-15,2849.81
2021-02-16,2849.65
2021-02-17,2849.99
2021-02-18,2850.01
2021-02-19,2849.99
2021-02-20,2849.99
2021-02-21,2849.99
2021-02-22,2849.69
2021-02-23,2849.6
2021-02-24,2849.32
2021-02-25,2849.49
2021-02-26,2849.27
2021-02-27,2849.27
2021-02-28,2849.27
2021-03-01,2849.71
2021-03-02,2849.87
2021-03-03,2849.25
2021-03-04,2849.45
2021-03-05,2849.34
2021-03-06,2849.34
2021-03-07,2849.34
2021-03-08,2849.34
2021-03-09,2849.55
2021-03-10,2849.48
2021-03-11,2849.47
2021-03-12,2849.79
2021-03-13,2849.79
2021-03-14,2849.79
2021-03-15,2849.43
2021-03-16,2849.96
2021-03-17,2849.9
2021-03-18,2849.8
2021-03-19,2849.52
2021-03-20,2849.52
2021-03-21,2849.52
2021-03-22,2849.73
2021-03-23,2849.56
2021-03-24,2849.86
2021-03-25,2849.33
2021-03-26,2849.81
2021-03-27,2849.81
2021-03-28,2849.81
2021-03-29,2849.79
2021-03-30,2849.63
2021-03-31,2849.81
2021-04-01,2849.67
2021-04-02,2849.87
2021-04-03,2849.87
2021-04-04,2849.87
2021-04-05,2849.76
2021-04-06,2849.49
2021-04-07,2849.96
2021-04-08,2849.68
2021-04-09,2849.84
2021-04-10,2849.84
2021-04-11,2849.84
2021-04-12,2849.83
2021-04-13,2849.99
2021-04-14,2849.9
2021-04-15,2850.06
2021-04-16,2850.02
2021-04-17,2850.02
2021-04-18,2850.02
2021-04-19,2850.32
2021-04-20,2850.01
2021-04-21,2849.97
2021-04-22,2850.28
2021-04-23,2850.0
2021-04-24,2850.0
2021-04-25,2850.0
2021-04-26,2849.63
2021-04-27,2849.69
2021-04-28,2849.8
2021-04-29,2849.77
2021-04-30,2850.01
2021-05-01,2850.01
2021-05-02,2850.01
2021-05-03,2849.97
2021-05-04,2849.78
2021-05-05,2849.74
2021-05-06,2849.98
2021-05-07,2850.06
2021-05-08,2850.06
2021-05-09,2850.06
2021-05-10,2849.51
2021-05-11,2849.69
2021-05-12,2849.81
2021-05-13,2850.26
2021-05-14,2849.77
2021-05-15,2849.77
2021-05-16,2849.77
2021-05-17,2849.74
2021-05-18,2849.8
2021-05-19,2849.61
2021-05-20,2849.45
2021-05-21,2848.93
2021-05-22,2848.93
2021-05-23,2848.93
2021-05-24,2849.41
2021-05-25,2849.24
2021-05-26,2849.24
2021-05-27,2848.68
2021-05-28,2848.75
2021-05-29,2848.75
2021-05-30,2848.75
2021-05-31,2849.25
2021-06-01,2849.25
2021-06-02,2849.04
2021-06-03,2848.95
2021-06-04,2848.67
2021-06-05,2848.67
2021-06-06,2848.67
2021-06-07,2848.9
2021-06-08,2849.57
2021-06-09,2849.57
2021-06-10,2848.8
2021-06-11,2848.79
2021-06-12,2848.79
2021-06-13,2848.79
2021-06-14,2849.03
2021-06-15,2848.96
2021-06-16,2849.1
2021-06-17,2849.41
2021-06-18,2849.18
2021-06-19,2849.18
2021-06-20,2849.18
2021-06-21,2849.15
2021-06-22,2849.65
2021-06-23,2848.84
2021-06-24,2849.36
2021-06-25,2849.06
2021-06-26,2849.06
2021-06-27,2849.06
2021-06-28,2849.26
2021-06-29,2849.48
2021-06-30,2848.87
2021-07-01,2849.82
2021-07-02,2848.9
2021-07-03,2848.9
2021-07-04,2848.9
2021-07-05,2849.16
2021-07-06,2849.22
2021-07-07,2848.77
2021-07-08,2848.94
2021-07-09,2848.85
2021-07-10,2848.85
2021-07-11,2848.85
2021-07-12,2848.85
2021-07-13,2848.85
2021-07-14,2848.85
2021-07-15,2848.85
2021-07-16,2848.85
2021-07-17,2848.85
2021-07-18,2848.85
2021-07-19,2849.1
2021-07-20,2849.19
2021-07-21,2848.96
2021-07-22,2849.1
2021-07-23,2848.63
2021-07-24,2849.14
2021-07-25,2849.14
2021-07-26,2848.77
2021-07-27,2848.34
2021-07-28,2848.7
2021-07-29,2848.83
2021-07-30,2849.12
2021-07-31,2849.12
2021-08-01,2849.12
2021-08-02,2849.08
2021-08-03,2849.16
2021-08-04,2848.57
2021-08-05,2848.77
2021-08-06,2848.68
2021-08-07,2848.68
2021-08-08,2848.68
2021-08-09,2849.08
2021-08-10,2849.18
2021-08-11,2848.61
2021-08-12,2849.26
2021-08-13,2848.73
2021-08-14,2848.73
2021-08-15,2848.73
2021-08-16,2849.18
2021-08-17,2849.26
2021-08-18,2848.55
2021-08-19,2849.04
2021-08-20,2848.5
2021-08-21,2848.5
2021-08-22,2848.5
2021-08-23,2849.0
2021-08-24,2848.99
2021-08-25,2848.57
2021-08-26,2848.76
2021-08-27,2848.46
2021-08-28,2848.46
2021-08-29,2848.46
2021-08-30,2849.06
2021-08-31,2849.48
2021-09-01,2848.6
2021-09-02,2849.23
2021-09-03,2848.71
2021-09-04,2848.71
2021-09-05,2848.71
2021-09-06,2849.04
2021-09-07,2849.27
2021-09-08,2848.53
2021-09-09,2848.72
2021-09-10,2848.58
2021-09-11,2848.58
2021-09-12,2848.58
2021-09-13,2849.12
2021-09-14,2849.22
2021-09-15,2849.17
2021-09-16,2849.25
2021-09-17,2848.62
2021-09-18,2848.62
2021-09-19,2848.62
2021-09-20,2849.2
2021-09-21,2849.22
2021-09-22,2848.51
2021-09-23,2849.18
2021-09-24,2848.64
2021-09-25,2848.64
2021-09-26,2848.64
2021-09-27,2849.17
2021-09-28,2849.09
2021-09-29,2848.46
2021-09-30,2849.2
2021-10-01,2848.72
2021-10-02,2848.72
2021-10-03,2848.72
2021-10-04,2848.91
2021-10-05,2849.1
2021-10-06,2848.48
2021-10-07,2849.38
2021-10-08,2848.89
2021-10-09,2848.89
2021-10-10,2848.89
2021-10-11,2849.23
2021-10-12,2849.39
2021-10-13,2848.45
2021-10-14,2849.28
2021-10-15,2848.81
2021-10-16,2848.81
2021-10-17,2848.81
2021-10-18,2849.73
2021-10-19,2849.48
2021-10-20,2848.49
2021-10-21,2848.97
2021-10-22,2848.58
2021-10-23,2848.58
2021-10-24,2848.58
2021-10-25,2848.93
2021-10-26,2849.11
2021-10-27,2848.5
2021-10-28,2849.04
2021-10-29,2848.85
2021-10-30,2848.85
2021-10-31,2848.85
2021-11-01,2849.08
2021-11-02,2849.15
2021-11-03,2848.46
2021-11-04,2849.12
2021-11-05,2849.12
2021-11-06,2849.12
2021-11-07,2849.12
2021-11-08,2848.56
2021-11-09,2849.28
2021-11-10,2848.91
2021-11-11,2849.25
2021-11-12,2848.65
2021-11-13,2848.65
2021-11-14,2848.65
2021-11-15,2848.91
2021-11-16,2849.32
2021-11-17,2848.98
2021-11-18,2849.48
2021-11-19,2848.72
2021-11-20,2848.72
2021-11-21,2848.72
2021-11-22,2849.04
2021-11-23,2849.2
2021-11-24,2848.44
2021-11-25,2849.3
2021-11-26,2849.3
2021-11-27,2849.3
2021-11-28,2849.3
2021-11-29,2848.74
2021-11-30,2849.21
2021-12-01,2848.49
2021-12-02,2849.32
2021-12-03,2848.55
2021-12-04,2848.55
2021-12-05,2848.55
2021-12-06,2849.12
2021-12-07,2849.3
2021-12-08,2848.65
2021-12-09,2849.09
2021-12-10,2848.81
2021-12-11,2848.81
2021-12-12,2848.81
2021-12-13,2849.36
2021-12-14,2848.93
2021-12-15,2848.56
2021-12-16,2849.24
2021-12-17,2848.7
2021-12-18,2848.7
2021-12-19,2848.7
2021-12-20,2849.29
2021-12-21,2849.19
2021-12-22,2849.23
2021-12-23,2848.55
2021-12-24,2848.96
2021-12-25,2848.96
2021-12-26,2848.96
2021-12-27,2849.11
2021-12-28,2848.63
2021-12-29,2848.63
2021-12-30,2848.8
2021-12-31,2849.34
2022-01-01,2849.34
2022-01-02,2849.34
2022-01-03,2849.48
2022-01-04,2848.69
2022-01-05,2849.27
2022-01-06,2848.75
2022-01-07,2849.55
2022-01-08,2849.55
2022-01-09,2849.55
2022-01-10,2849.4
2022-01-11,2848.63
2022-01-12,2849.42
2022-01-13,2849.0
2022-01-14,2849.87
2022-01-15,2849.87
2022-01-16,2849.87
2022-01-17,2849.48
2022-01-18,2849.24
2022-01-19,2849.69
2022-01-20,2849.08
2022-01-21,2849.53
2022-01-22,2849.53
2022-01-23,2849.53
2022-01-24,2849.55
2022-01-25,2849.23
2022-01-26,2849.65
2022-01-27,2849.22
2022-01-28,2849.5
2022-01-29,2849.5
2022-01-30,2849.5
2022-01-31,2850.26
2022-02-01,2850.8
2022-02-02,2850.8
2022-02-03,2850.8
2022-02-04,2850.8
2022-02-05,2850.8
2022-02-06,2850.8
2022-02-07,2851.65
2022-02-08,2851.34
2022-02-09,2852.77
2022-02-10,2853.36
2022-02-11,2853.89
2022-02-12,2853.89
2022-02-13,2853.89
2022-02-14,2854.53
2022-02-15,2855.07
2022-02-16,2857.5
2022-02-17,2858.39
2022-02-18,2860.95
2022-02-19,2860.95
2022-02-20,2860.95
2022-02-21,2858.16
2022-02-22,2859.2
2022-02-23,2861.67
2022-02-24,2862.4
2022-02-25,2864.45
2022-02-26,2864.45
2022-02-27,2864.45
2022-02-28,2865.73
2022-03-01,2867.69
2022-03-02,2869.97
2022-03-03,2871.15
2022-03-04,2873.32
2022-03-05,2873.32
2022-03-06,2873.32
2022-03-07,2874.58
2022-03-08,2874.58
2022-03-09,2876.32
2022-03-10,2877.78
2022-03-11,2883.17
2022-03-12,2883.17
2022-03-13,2883.17
2022-03-14,2892.7
2022-03-15,2893.86
2022-03-16,2904.55
2022-03-17,2900.59
2022-03-18,2912.87
2022-03-19,2912.87
2022-03-20,2912.87
2022-03-21,2910.84
2022-03-22,2914.45
2022-03-23,2916.91
2022-03-24,2918.64
2022-03-25,2923.72
2022-03-26,2923.72
2022-03-27,2923.72
2022-03-28,2927.22
2022-03-29,2936.87
2022-03-30,2944.6
2022-03-31,2948.46
2022-04-01,2970.93
2022-04-02,2970.93
2022-04-03,2970.93
2022-04-04,2981.91
2022-04-05,3006.31
2022-04-06,3014.5
2022-04-07,3014.72
2022-04-08,3021.0
2022-04-09,3021.0
2022-04-10,3021.0
2022-04-11,3023.98
2022-04-12,3034.25
2022-04-13,3040.87
2022-04-14,3040.68
2022-04-15,3047.2
2022-04-16,3047.2
2022-04-17,3047.2
2022-04-18,3050.59
2022-04-19,3056.14
2022-04-20,3061.22
2022-04-21,3063.5
2022-04-22,3065.97
2022-04-23,3065.97
2022-04-24,3065.97
2022-04-25,3071.75
2022-04-26,3075.42
2022-04-27,3072.89
2022-04-28,3080.88
2022-04-29,3083.88
2022-04-30,3083.88
2022-05-01,3083.88
2022-05-02,3085.65
2022-05-03,3090.47
2022-05-04,3093.49
2022-05-05,3096.72
2022-05-06,3099.9
2022-05-07,3099.9
2022-05-08,3099.9
2022-05-09,3099.41
2022-05-10,3105.37
2022-05-11,3105.89
2022-05-12,3108.88
2022-05-13,3111.84
2022-05-14,3111.84
2022-05-15,3111.84
2022-05-16,3111.93
2022-05-17,3115.34
2022-05-18,3116.8
2022-05-19,3118.41
2022-05-20,3119.92
2022-05-21,3119.92
2022-05-22,3119.92
2022-05-23,3120.5
2022-05-24,3120.56
2022-05-25,3120.63
2022-05-26,3120.71
2022-05-27,3121.05
2022-05-28,3121.05
2022-05-29,3121.05
2022-05-30,3120.5
2022-05-31,3120.84
2022-06-01,3120.84
2022-06-02,3120.78
2022-06-03,3120.53
2022-06-04,3120.53
2022-06-05,3120.53
2022-06-06,3120.52
2022-06-07,3120.56
2022-06-08,3120.64
2022-06-09,3120.68
2022-06-10,3121.03
2022-06-11,3121.03
2022-06-12,3121.03
2022-06-13,3120.57
2022-06-14,3120.57
2022-06-15,3120.67
2022-06-16,3120.75
2022-06-17,3121.04
2022-06-18,3121.04
2022-06-19,3121.04
2022-06-20,3120.99
2022-06-21,3122.4
2022-06-22,3124.95
2022-06-23,3126.94
2022-06-24,3129.56
2022-06-25,3129.56
2022-06-26,3129.56
2022-06-27,3131.78
2022-06-28,3132.31
2022-06-29,3134.28
2022-06-30,3134.1
2022-07-01,3137.87
2022-07-02,3137.87
2022-07-03,3137.87
2022-07-04,3140.08
2022-07-05,3142.3
2022-07-06,3144.66
2022-07-07,3145.21
2022-07-08,3147.52
2022-07-09,3147.52
2022-07-10,3147.52
2022-07-11,3147.52
2022-07-12,3147.52
2022-07-13,3147.52
2022-07-14,3147.52
2022-07-15,3147.52
2022-07-16,3147.52
2022-07-17,3147.52
2022-07-18,3150.14
2022-07-19,3153.7
2022-07-20,3154.83
2022-07-21,3156.56
2022-07-22,3157.63
2022-07-23,3157.63
2022-07-24,3157.63
2022-07-25,3159.63
2022-07-26,3160.83
2022-07-27,3163.68
2022-07-28,3165.73
2022-07-29,3168.09
2022-07-30,3168.09
2022-07-31,3168.09
2022-08-01,3168.75
2022-08-02,3169.82
2022-08-03,3174.37
2022-08-04,3175.7
2022-08-05,3177.32
2022-08-06,3177.32
2022-08-07,3177.32
2022-08-08,3178.33
2022-08-09,3179.36
2022-08-10,3180.13
2022-08-11,3181.44
2022-08-12,3183.53
2022-08-13,3183.53
2022-08-14,3183.53
2022-08-15,3184.2
2022-08-16,3186.21
2022-08-17,3187.47
2022-08-18,3188.4
2022-08-19,3191.22
2022-08-20,3191.22
2022-08-21,3191.22
2022-08-22,3191.36
2022-08-23,3192.74
2022-08-24,3193.69
2022-08-25,3194.07
2022-08-26,3196.55
2022-08-27,3196.55
2022-08-28,3196.55
2022-08-29,3197.42
2022-08-30,3199.28
2022-08-31,3200.22
2022-09-01,3202.01
2022-09-02,3207.16
2022-09-03,3207.16
2022-09-04,3207.16
2022-09-05,3209.67
2022-09-06,3213.93
2022-09-07,3215.91
2022-09-08,3219.98
2022-09-09,3220.86
2022-09-10,3220.86
2022-09-11,3220.86
2022-09-12,3228.2
2022-09-13,3234.74
2022-09-14,3236.29
2022-09-15,3245.13
2022-09-16,3248.97
2022-09-17,3248.97
2022-09-18,3248.97
2022-09-19,3263.91
2022-09-20,3265.77
2022-09-21,3268.24
2022-09-22,3278.69
2022-09-23,3285.81
2022-09-24,3285.81
2022-09-25,3285.81
2022-09-26,3301.24
2022-09-27,3310.41
2022-09-28,3322.25
2022-09-29,3333.02
2022-09-30,3344.09
2022-10-01,3344.09
2022-10-02,3344.09
2022-10-03,3335.92
2022-10-04,3352.42
2022-10-05,3352.18
2022-10-06,3354.69
2022-10-07,3359.83
2022-10-08,3359.83
2022-10-09,3359.83
2022-10-10,3362.23
2022-10-11,3365.4
2022-10-12,3366.97
2022-10-13,3370.21
2022-10-14,3370.14
2022-10-15,3370.14
2022-10-16,3370.14
2022-10-17,3370.61
2022-10-18,3371.66
2022-10-19,3373.65
2022-10-20,3374.53
2022-10-21,3376.51
2022-10-22,3376.51
2022-10-23,3376.51
2022-10-24,3378.1
2022-10-25,3382.39
2022-10-26,3384.06
2022-10-27,3386.2
2022-10-28,3389.12
2022-10-29,3389.12
2022-10-30,3389.12
2022-10-31,3390.99
2022-11-01,3391.07
2022-11-02,3390.18
2022-11-03,3392.51
2022-11-04,3397.08
2022-11-05,3397.08
2022-11-06,3397.08
2022-11-07,3397.42
2022-11-08,3399.98
2022-11-09,3399.57
2022-11-10,3401.86
2022-11-11,3404.09
2022-11-12,3404.09
2022-11-13,3404.09
2022-11-14,3407.09
2022-11-15,3408.21
2022-11-16,3408.47
2022-11-17,3409.19
2022-11-18,3411.26
2022-11-19,3411.26
2022-11-20,3411.26
2022-11-21,3412.98
2022-11-22,3413.11
2022-11-23,3416.14
2022-11-24,3416.14
2022-11-25,3416.6
2022-11-26,3416.6
2022-11-27,3416.6
2022-11-28,3418.56
2022-11-29,3419.67
2022-11-30,3420.06
2022-12-01,3420.57
2022-12-02,3422.41
2022-12-03,3422.41
2022-12-04,3422.41
2022-12-05,3422.09
2022-12-06,3423.26
2022-12-07,3424.04
2022-12-08,3425.32
2022-12-09,3426.52
2022-12-10,3426.52
2022-12-11,3426.52
2022-12-12,3426.67
2022-12-13,3428.66
2022-12-14,3428.87
2022-12-15,3429.33
2022-12-16,3432.07
2022-12-17,3432.07
2022-12-18,3432.07
2022-12-19,3432.88
2022-12-20,3433.19
2022-12-21,3435.52
2022-12-22,3436.7
2022-12-23,3439.44
2022-12-24,3439.44
2022-12-25,3439.44
2022-12-26,3439.74
2022-12-27,3441.78
2022-12-28,3443.37
2022-12-29,3443.37
2022-12-30,3444.6
2022-12-31,3444.6
2023-01-01,3444.6
2023-01-02,3447.27
2023-01-03,3448.54
2023-01-04,3450.52
2023-01-05,3451.09
2023-01-06,3453.84
2023-01-07,3453.84
2023-01-08,3453.84
2023-01-09,3453.99
2023-01-10,3455.72
2023-01-11,3457.7
2023-01-12,3459.76
2023-01-13,3462.41
2023-01-14,3462.41
2023-01-15,3462.41
2023-01-16,3464.41
2023-01-17,3466.53
2023-01-18,3470.42
2023-01-19,3471.16
2023-01-20,3475.56
2023-01-21,3475.56
2023-01-22,3475.56
2023-01-23,3477.88
2023-01-24,3478.97
2023-01-25,3482.95
2023-01-26,3483.5
2023-01-27,3486.32
2023-01-28,3486.32
2023-01-29,3486.32
2023-01-30,3488.69
2023-01-31,3491.46
2023-02-01,3493.65
2023-02-02,3494.19
2023-02-03,3496.9
2023-02-04,3496.9
2023-02-05,3496.9
2023-02-06,3498.37
2023-02-07,3499.61
2023-02-08,3503.05
2023-02-09,3504.0
2023-02-10,3506.89
2023-02-11,3506.89
2023-02-12,3506.89
2023-02-13,3509.2
2023-02-14,3509.7
2023-02-15,3514.02
2023-02-16,3514.27
2023-02-17,3515.06
2023-02-18,3515.06
2023-02-19,3515.06
2023-02-20,3516.97
2023-02-21,3516.97
2023-02-22,3516.97
2023-02-23,3516.97
2023-02-24,3517.74
2023-02-25,3517.74
2023-02-26,3517.74
2023-02-27,3521.54
2023-02-28,3521.87
2023-03-01,3520.9
2023-03-02,3521.7
2023-03-03,3523.73
2023-03-04,3523.73
2023-03-05,3523.73
2023-03-06,3524.75
2023-03-07,3525.24
2023-03-08,3525.24
2023-03-09,3526.08
2023-03-10,3527.07
2023-03-11,3527.07
2023-03-12,3527.07
2023-03-13,3526.42
2023-03-14,3526.98
2023-03-15,3527.38
2023-03-16,3527.57
2023-03-17,3528.05
2023-03-18,3528.05
2023-03-19,3528.05
2023-03-20,3527.53
2023-03-21,3527.49
2023-03-22,3527.38
2023-03-23,3526.34
2023-03-24,3525.51
2023-03-25,3525.51
2023-03-26,3525.51
2023-03-27,3524.63
2023-03-28,3523.93
2023-03-29,3521.99
2023-03-30,3520.67
2023-03-31,3518.14
2023-04-01,3518.14
2023-04-02,3518.14
2023-04-03,3517.05
2023-04-04,3515.02
2023-04-05,3513.73
2023-04-06,3511.1
2023-04-07,3510.03
2023-04-08,3510.03
2023-04-09,3510.03
2023-04-10,3507.04
2023-04-11,3505.13
2023-04-12,3501.68
2023-04-13,3498.69
2023-04-14,3496.04
2023-04-15,3496.04
2023-04-16,3496.04
2023-04-17,3495.07
2023-04-18,3493.45
2023-04-19,3491.45
2023-04-20,3489.61
2023-04-21,3486.63
2023-04-22,3486.63
2023-04-23,3486.63
2023-04-24,3483.83
2023-04-25,3482.9
2023-04-26,3480.2
2023-04-27,3476.89
2023-04-28,3475.7
2023-04-29,3475.7
2023-04-30,3475.7
2023-05-01,3473.83
2023-05-02,3472.91
2023-05-03,3471.53
2023-05-04,3471.46
2023-05-05,3470.29
2023-05-06,3470.29
2023-05-07,3470.29
2023-05-08,3469.64
2023-05-09,3468.03
2023-05-10,3465.44
2023-05-11,3464.85
2023-05-12,3463.85
2023-05-13,3463.85
2023-05-14,3463.85
2023-05-15,3462.17
2023-05-16,3461.5
2023-05-17,3460.03
2023-05-18,3459.33
2023-05-19,3458.02
2023-05-20,3458.02
2023-05-21,3458.02
2023-05-22,3456.77
2023-05-23,3455.85
2023-05-24,3454.09
2023-05-25,3452.7
2023-05-26,3450.91
2023-05-27,3450.91
2023-05-28,3450.91
2023-05-29,3448.53
2023-05-30,3447.92
2023-05-31,3447.5
2023-06-01,3447.5
2023-06-02,3447.13
2023-06-03,3447.13
2023-06-04,3447.13
2023-06-05,3446.96
2023-06-06,3446.53
2023-06-07,3444.89
2023-06-08,3443.42
2023-06-09,3441.98
2023-06-10,3441.98
2023-06-11,3441.98
2023-06-12,3441.33
2023-06-13,3440.35
2023-06-14,3439.93
2023-06-15,3438.18
2023-06-16,3437.39
2023-06-17,3437.39
2023-06-18,3437.39
2023-06-19,3436.15
2023-06-20,3435.31
2023-06-21,3434.95
2023-06-22,3433.81
2023-06-23,3432.99
2023-06-24,3432.99
2023-06-25,3432.99
2023-06-26,3432.53
2023-06-27,3432.14
2023-06-28,3432.39
2023-06-29,3432.51
2023-06-30,3432.66
2023-07-01,3432.66
2023-07-02,3432.66
2023-07-03,3432.52
2023-07-04,3433.63
2023-07-05,3434.38
2023-07-06,3435.66
2023-07-07,3437.35
2023-07-08,3437.35
2023-07-09,3437.35
2023-07-10,3437.35
2023-07-11,3437.35
2023-07-12,3437.35
2023-07-13,3437.35
2023-07-14,3437.35
2023-07-15,3437.35
2023-07-16,3437.35
2023-07-17,3437.48
2023-07-18,3439.06
2023-07-19,3440.25
2023-07-20,3443.15
2023-07-21,3444.29
2023-07-22,3444.29
2023-07-23,3444.29
2023-07-24,3445.98
2023-07-25,3446.28
2023-07-26,3448.37
2023-07-27,3450.99
2023-07-28,3453.71
2023-07-29,3453.71
2023-07-30,3453.71
2023-07-31,3454.55
2023-08-01,3458.91
2023-08-02,3460.84
2023-08-03,3463.68
2023-08-04,3465.09
2023-08-05,3465.09
2023-08-06,3465.09
2023-08-07,3465.56
2023-08-08,3466.93
2023-08-09,3468.1
2023-08-10,3468.92
2023-08-11,3469.54
2023-08-12,3469.54
2023-08-13,3469.54
2023-08-14,3470.54
2023-08-15,3470.99
2023-08-16,3472.55
2023-08-17,3472.44
2023-08-18,3472.74
2023-08-19,3472.74
2023-08-20,3472.74
2023-08-21,3472.52
2023-08-22,3473.75
2023-08-23,3474.21
2023-08-24,3474.23
2023-08-25,3474.36
2023-08-26,3474.36
2023-08-27,3474.36
2023-08-28,3473.31
2023-08-29,3473.64
2023-08-30,3473.86
2023-08-31,3472.78
2023-09-01,3472.98
2023-09-02,3472.98
2023-09-03,3472.98
2023-09-04,3472.65
2023-09-05,3471.89
2023-09-06,3471.85
2023-09-07,3469.74
2023-09-08,3469.79
2023-09-09,3469.79
2023-09-10,3469.79
2023-09-11,3469.58
2023-09-12,3467.91
2023-09-13,3468.16
2023-09-14,3466.09
2023-09-15,3465.98
2023-09-16,3465.98
2023-09-17,3465.98
2023-09-18,3465.26
2023-09-19,3464.6
2023-09-20,3464.15
2023-09-21,3462.81
2023-09-22,3461.93
2023-09-23,3461.93
2023-09-24,3461.93
2023-09-25,3461.61
2023-09-26,3461.31
2023-09-27,3460.47
2023-09-28,3459.36
2023-09-29,3459.5
2023-09-30,3459.5
2023-10-01,3459.5
2023-10-02,3457.7
2023-10-03,3457.48
2023-10-04,3456.49
2023-10-05,3455.64
2023-10-06,3454.99
2023-10-07,3454.99
2023-10-08,3454.99
2023-10-09,3454.46
2023-10-10,3454.33
2023-10-11,3454.39
2023-10-12,3453.44
2023-10-13,3453.08
2023-10-14,3453.08
2023-10-15,3453.08
2023-10-16,3452.37
2023-10-17,3451.53
2023-10-18,3452.08
2023-10-19,3451.52
2023-10-20,3451.08
2023-10-21,3451.08
2023-10-22,3451.08
2023-10-23,3450.39
2023-10-24,3449.79
2023-10-25,3449.96
2023-10-26,3448.51
2023-10-27,3448.76
2023-10-28,3448.76
2023-10-29,3448.76
2023-10-30,3448.45
2023-10-31,3447.95
2023-11-01,3447.61
2023-11-02,3446.45
2023-11-03,3445.77
2023-11-04,3445.77
2023-11-05,3445.77
2023-11-06,3445.8
2023-11-07,3445.08
2023-11-08,3445.12
2023-11-09,3443.29
2023-11-10,3442.95
2023-11-11,3442.95
2023-11-12,3442.95
2023-11-13,3442.05
2023-11-14,3442.05
2023-11-15,3441.52
2023-11-16,3440.49
2023-11-17,3439.99
2023-11-18,3439.99
2023-11-19,3439.99
2023-11-20,3439.3
2023-11-21,3438.68
2023-11-22,3437.62
2023-11-23,3436.74
2023-11-24,3436.84
2023-11-25,3436.84
2023-11-26,3436.84
2023-11-27,3436.19
2023-11-28,3435.15
2023-11-29,3434.08
2023-11-30,3432.78
2023-12-01,3432.12
2023-12-02,3432.12
2023-12-03,3432.12
2023-12-04,3431.58
2023-12-05,3430.52
2023-12-06,3430.31
2023-12-07,3426.88
2023-12-08,3425.94
2023-12-09,3425.94
2023-12-10,3425.94
2023-12-11,3425.48
2023-12-12,3423.55
2023-12-13,3421.9
2023-12-14,3420.59
2023-12-15,3419.08
2023-12-16,3419.08
2023-12-17,3419.08
2023-12-18,3418.98
2023-12-19,3417.23
2023-12-20,3417.41
2023-12-21,3415.79
2023-12-22,3415.24
2023-12-23,3415.24
2023-12-24,3415.24
2023-12-25,3414.97
2023-12-26,3413.39
2023-12-27,3412.5
2023-12-28,3410.69
2023-12-29,3410.69
2023-12-30,3410.69
2023-12-31,3410.69
2024-01-01,3410.69
2024-01-02,3410.37
2024-01-03,3410.75
2024-01-04,3409.22
2024-01-05,3409.43
2024-01-06,3409.43
2024-01-07,3409.43
2024-01-08,3409.39
2024-01-09,3409.39
2024-01-10,3409.5
2024-01-11,3409.18
2024-01-12,3409.15
2024-01-13,3409.15
2024-01-14,3409.15
2024-01-15,3409.4
2024-01-16,3408.22
2024-01-17,3408.52
2024-01-18,3406.48
2024-01-19,3406.51
2024-01-20,3406.51
2024-01-21,3406.51
2024-01-22,3407.14
2024-01-23,3406.83
2024-01-24,3406.96
2024-01-25,3404.47
2024-01-26,3403.89
2024-01-27,3403.89
2024-01-28,3403.89
2024-01-29,3403.91
2024-01-30,3402.03
2024-01-31,3401.47
2024-02-01,3399.92
2024-02-02,3400.4
2024-02-03,3400.4
2024-02-04,3400.4
2024-02-05,3399.82
2024-02-06,3397.78
2024-02-07,3397.47
2024-02-08,3396.04
2024-02-09,3395.09
2024-02-10,3395.09
2024-02-11,3395.09
2024-02-12,3395.09
2024-02-13,3394.91
2024-02-14,3394.73
2024-02-15,3391.87
2024-02-16,3392.15
2024-02-17,3392.15
2024-02-18,3392.15
2024-02-19,3391.36
2024-02-20,3388.59
2024-02-21,3388.16
2024-02-22,3387.01
2024-02-23,3386.98
2024-02-24,3386.98
2024-02-25,3386.98
2024-02-26,3385.61
2024-02-27,3384.46
2024-02-28,3382.61
2024-02-29,3381.89
2024-03-01,3378.33
2024-03-02,3378.33
2024-03-03,3378.33
2024-03-04,3377.93
2024-03-05,3375.68
2024-03-06,3376.05
2024-03-07,3374.97
2024-03-08,3374.97
2024-03-09,3374.97
2024-03-10,3374.97
2024-03-11,3375.69
2024-03-12,3375.12
2024-03-13,3375.85
2024-03-14,3375.14
2024-03-15,3375.34
2024-03-16,3375.34
2024-03-17,3375.34
2024-03-18,3376.29
2024-03-19,3376.6
2024-03-20,3376.69
2024-03-21,3376.62
2024-03-22,3376.93
2024-03-23,3376.93
2024-03-24,3376.93
2024-03-25,3376.64
2024-03-26,3376.38
2024-03-27,3376.29
2024-03-28,3375.96
2024-03-29,3375.99
2024-03-30,3375.99
2024-03-31,3375.99
2024-04-01,3375.88
2024-04-02,3376.48
2024-04-03,3376.59
2024-04-04,3375.7
2024-04-05,3375.96
2024-04-06,3375.96
2024-04-07,3375.96
2024-04-08,3375.93
2024-04-09,3375.86
2024-04-10,3376.59
2024-04-11,3376.1
2024-04-12,3376.08
2024-04-13,3376.08
2024-04-14,3376.08
2024-04-15,3376.45
2024-04-16,3376.11
2024-04-17,3376.53
2024-04-18,3376.43
2024-04-19,3376.74
2024-04-20,3376.74
2024-04-21,3376.74
2024-04-22,3376.32
2024-04-23,3376.83
2024-04-24,3376.93
2024-04-25,3377.44
2024-04-26,3377.35
2024-04-27,3377.35
2024-04-28,3377.35
2024-04-29,3377.03
2024-04-30,3378.3
2024-05-01,3378.9
2024-05-02,3380.31
2024-05-03,3381.24
2024-05-04,3381.24
2024-05-05,3381.24
2024-05-06,3381.46
2024-05-07,3381.38
2024-05-08,3381.47
2024-05-09,3381.49
2024-05-10,3381.63
2024-05-11,3381.63
2024-05-12,3381.63
2024-05-13,3381.57
2024-05-14,3381.52
2024-05-15,3381.38
2024-05-16,3381.05
2024-05-17,3381.65
2024-05-18,3381.65
2024-05-19,3381.65
2024-05-20,3381.28
2024-05-21,3381.11
2024-05-22,3381.48
2024-05-23,3381.48
2024-05-24,3381.64
2024-05-25,3381.64
2024-05-26,3381.64
2024-05-27,3381.45
2024-05-28,3380.69
2024-05-29,3381.54
2024-05-30,3380.61
2024-05-31,3381.43
2024-06-01,3381.43
2024-06-02,3381.43
2024-06-03,3381.0
2024-06-04,3380.24
2024-06-05,3381.73
2024-06-06,3381.19
2024-06-07,3381.75
2024-06-08,3381.75
2024-06-09,3381.75
2024-06-10,3381.32
2024-06-11,3381.04
2024-06-12,3381.23
2024-06-13,3380.96
2024-06-14,3381.24
2024-06-15,3381.24
2024-06-16,3381.24
2024-06-17,3381.36
2024-06-18,3381.29
2024-06-19,3381.19
2024-06-20,3380.88
2024-06-21,3380.86
2024-06-22,3380.86
2024-06-23,3380.86
2024-06-24,3380.78
2024-06-25,3381.01
2024-06-26,3380.9
2024-06-27,3381.05
2024-06-28,3381.05
2024-06-29,3381.05
2024-06-30,3381.05
2024-07-01,3381.08
2024-07-02,3380.94
2024-07-03,3381.16
2024-07-04,3380.89
2024-07-05,3381.15
2024-07-06,3381.15
2024-07-07,3381.15
2024-07-08,3380.84
2024-07-09,3381.05
2024-07-10,3381.05
2024-07-11,3381.05
2024-07-12,3381.05
2024-07-13,3381.05
2024-07-14,3381.05
2024-07-15,3381.05
2024-07-16,3380.8
2024-07-17,3380.81
2024-07-18,3380.76
2024-07-19,3380.56
2024-07-20,3380.56
2024-07-21,3380.56
2024-07-22,3380.45
2024-07-23,3380.58
2024-07-24,3380.94
2024-07-25,3380.87
2024-07-26,3380.79
2024-07-27,3380.79
2024-07-28,3380.79
2024-07-29,3380.86
2024-07-30,3380.95
2024-07-31,3380.81
2024-08-01,3380.86
2024-08-02,3380.75
2024-08-03,3380.75
2024-08-04,3380.75
2024-08-05,3380.92
2024-08-06,3380.93
2024-08-07,3381.03
2024-08-08,3381.14
2024-08-09,3381.36
2024-08-10,3381.36
2024-08-11,3381.36
2024-08-12,3380.81
2024-08-13,3381.18
2024-08-14,3381.0
2024-08-15,3381.23
2024-08-16,3381.23
2024-08-17,3381.23
2024-08-18,3381.23
2024-08-19,3380.85
2024-08-20,3381.03
2024-08-21,3381.43
2024-08-22,3381.24
2024-08-23,3381.13
2024-08-24,3381.13
2024-08-25,3381.13
2024-08-26,3380.64
2024-08-27,3380.77
2024-08-28,3380.39
2024-08-29,3380.59
2024-08-30,3380.94
2024-08-31,3380.94
2024-09-01,3380.94
2024-09-02,3380.64
2024-09-03,3380.67
2024-09-04,3380.76
2024-09-05,3380.71
2024-09-06,3381.09
2024-09-07,3381.09
2024-09-08,3381.09
2024-09-09,3380.89
2024-09-10,3380.74
2024-09-11,3380.84
2024-09-12,3380.8
2024-09-13,3380.74
2024-09-14,3380.74
2024-09-15,3380.74
2024-09-16,3380.43
2024-09-17,3381.09
2024-09-18,3381.55
2024-09-19,3381.38
2024-09-20,3381.51
2024-09-21,3381.51
2024-09-22,3381.51
2024-09-23,3380.99
2024-09-24,3381.24
2024-09-25,3380.9
2024-09-26,3381.02
2024-09-27,3381.12
2024-09-28,3381.12
2024-09-29,3381.12
2024-09-30,3380.93
2024-10-01,3381.41
2024-10-02,3381.53
2024-10-03,3381.82
2024-10-04,3382.96
2024-10-05,3382.96
2024-10-06,3382.96
2024-10-07,3382.71
2024-10-08,3383.86
2024-10-09,3384.41
2024-10-10,3385.87
2024-10-11,3385.87
2024-10-12,3385.87
2024-10-13,3385.87
2024-10-14,3387.17
2024-10-15,3388.55
2024-10-16,3389.5
2024-10-17,3392.36
2024-10-18,3393.53
2024-10-19,3393.53
2024-10-20,3393.53
2024-10-21,3395.18
2024-10-22,3397.42
2024-10-23,3399.51
2024-10-24,3401.46
2024-10-25,3402.39
2024-10-26,3402.39
2024-10-27,3402.39
2024-10-28,3402.5
2024-10-29,3402.78
2024-10-30,3402.87
2024-10-31,3404.64
2024-11-01,3406.79
2024-11-02,3406.79
2024-11-03,3406.79
2024-11-04,3407.42
2024-11-05,3407.88
2024-11-06,3408.95
2024-11-07,3409.37
2024-11-08,3409.59
2024-11-09,3409.59
2024-11-10,3409.59
2024-11-11,3410.23
2024-11-12,3410.72
2024-11-13,3411.42
2024-11-14,3413.09
2024-11-15,3413.51
2024-11-16,3413.51
2024-11-17,3413.51
2024-11-18,3414.18
2024-11-19,3415.19
2024-11-20,3415.07
2024-11-21,3415.79
2024-11-22,3416.66
2024-11-23,3416.66
2024-11-24,3416.66
2024-11-25,3417.19
2024-11-26,3417.19
2024-11-27,3417.18
2024-11-28,3417.42
2024-11-29,3417.77
2024-11-30,3417.77
2024-12-01,3417.77
2024-12-02,3416.98
2024-12-03,3416.82
2024-12-04,3416.82
2024-12-05,3416.57
2024-12-06,3417.45
2024-12-07,3417.45
2024-12-08,3417.45
2024-12-09,3417.88
2024-12-10,3417.29
2024-12-11,3417.71
2024-12-12,3416.71
2024-12-13,3417.31
2024-12-14,3417.31
2024-12-15,3417.31
2024-12-16,3417.79
2024-12-17,3417.29
2024-12-18,3417.91
2024-12-19,3417.14
2024-12-20,3417.49
2024-12-21,3417.49
2024-12-22,3417.49
2024-12-23,3418.12
2024-12-24,3417.98
2024-12-25,3418.84
2024-12-26,3419.59
2024-12-27,3420.09
2024-12-28,3420.09
2024-12-29,3420.09
2024-12-30,3420.25
2024-12-31,3420.46
2025-01-01,3420.46
2025-01-02,3420.92
2025-01-03,3421.43
2025-01-04,3421.43
2025-01-05,3421.43
2025-01-06,3422.08
2025-01-07,3422.7
2025-01-08,3423.28
2025-01-09,3423.93
2025-01-10,3424.61
2025-01-11,3424.61
2025-01-12,3424.61
2025-01-13,3426.1
2025-01-14,3427.07
2025-01-15,3427.88
2025-01-16,3428.91
2025-01-17,3429.7
2025-01-18,3429.7
2025-01-19,3429.7
2025-01-20,3430.65
2025-01-21,3433.03
2025-01-22,3435.18
2025-01-23,3437.92
2025-01-24,3439.01
2025-01-25,3439.01
2025-01-26,3439.01
2025-01-27,3440.29
2025-01-28,3443.25
2025-01-29,3445.22
2025-01-30,3447.43
2025-01-31,3448.24
2025-02-01,3448.24
2025-02-02,3448.24
2025-02-03,3449.0
2025-02-04,3451.31
2025-02-05,3453.67
2025-02-06,3454.73
2025-02-07,3455.22
2025-02-08,3455.22
2025-02-09,3455.22
2025-02-10,3455.89
2025-02-11,3457.45
2025-02-12,3458.67
2025-02-13,3458.92
2025-02-14,3459.07
2025-02-15,3459.07
2025-02-16,3459.07
2025-02-17,3459.57
2025-02-18,3459.95
2025-02-19,3460.61
2025-02-20,3462.17
2025-02-21,3462.59
2025-02-22,3462.59
2025-02-23,3462.59
2025-02-24,3462.98
2025-02-25,3464.13
2025-02-26,3464.65
2025-02-27,3465.69
2025-02-28,3466.56
2025-03-01,3466.56
2025-03-02,3466.56
2025-03-03,3466.56
2025-03-04,3466.56
2025-03-05,3466.56
2025-03-06,3466.79
2025-03-07,3467.49
2025-03-08,3467.49
2025-03-09,3467.49
2025-03-10,3467.86
2025-03-11,3468.57
2025-03-12,3469.19
2025-03-13,3470.75
2025-03-14,3470.86
2025-03-15,3470.86
2025-03-16,3470.86
2025-03-17,3471.47
2025-03-18,3473.3
2025-03-19,3473.57
2025-03-20,3475.37
2025-03-21,3476.98
2025-03-22,3476.98
2025-03-23,3476.98
2025-03-24,3478.05
2025-03-25,3480.61
2025-03-26,3483.53
2025-03-27,3486.82
2025-03-28,3488.01
2025-03-29,3488.01
2025-03-30,3488.01
2025-03-31,3487.61
2025-04-01,3491.62
2025-04-02,3495.36
2025-04-03,3501.83
2025-04-04,3505.87
2025-04-05,3505.87
2025-04-06,3505.87
2025-04-07,3508.4
2025-04-08,3522.38
2025-04-09,3528.67
2025-04-10,3530.23
2025-04-11,3533.7
2025-04-12,3533.7
2025-04-13,3533.7
2025-04-14,3534.48
2025-04-15,3541.1
2025-04-16,3544.4
2025-04-17,3555.24
2025-04-18,3562.4
2025-04-19,3562.4
2025-04-20,3562.4
2025-04-21,3568.48
2025-04-22,3569.04
2025-04-23,3569.67
2025-04-24,3570.11
2025-04-25,3570.87
2025-04-26,3570.87
2025-04-27,3570.87
2025-04-28,3569.87
2025-04-29,3570.57
2025-04-30,3570.82
2025-05-01,3570.74
2025-05-02,3571.47
2025-05-03,3571.47
2025-05-04,3571.47
2025-05-05,3571.74
2025-05-06,3571.88
2025-05-07,3572.07
2025-05-08,3572.59
2025-05-09,3572.88
2025-05-10,3572.88
2025-05-11,3572.88
2025-05-12,3572.37
2025-05-13,3572.93
2025-05-14,3572.45
2025-05-15,3572.83
2025-05-16,3572.83
2025-05-17,3572.83
2025-05-18,3572.83
2025-05-19,3573.19
2025-05-20,3571.17
2025-05-21,3573.73
2025-05-22,3573.64
2025-05-23,3573.76
2025-05-24,3573.76
2025-05-25,3573.76
2025-05-26,3573.44
2025-05-27,3573.69
2025-05-28,3573.79
2025-05-29,3573.7
2025-05-30,3573.95
2025-05-31,3573.95
2025-06-01,3573.95
2025-06-02,3573.8
2025-06-03,3574.03
2025-06-04,3575.03
2025-06-05,3575.09
2025-06-06,3575.08
2025-06-07,3575.08
2025-06-08,3575.08
2025-06-09,3575.3
2025-06-10,3575.44
2025-06-11,3575.44
2025-06-12,3575.95
2025-06-13,3576.53
2025-06-14,3576.53
2025-06-15,3576.53
2025-06-16,3577.84
2025-06-17,3578.43
2025-06-18,3579.18
2025-06-19,3579.56
2025-06-20,3579.67
2025-06-21,3579.67
2025-06-22,3579.67
2025-06-23,3579.68
2025-06-24,3580.17
2025-06-25,3580.4
2025-06-26,3580.52
2025-06-27,3580.71
2025-06-28,3580.71
2025-06-29,3580.71
2025-06-30,3580.94
2025-07-01,3581.29
2025-07-02,3581.9
2025-07-03,3581.77
2025-07-04,3583.6
2025-07-05,3583.6
2025-07-06,3583.6
2025-07-07,3583.85
2025-07-08,3583.89
2025-07-09,3584.18
2025-07-10,3584.18
2025-07-11,3584.18
2025-07-12,3584.18
2025-07-13,3584.18
2025-07-14,3584.18
2025-07-15,3584.18
2025-07-16,3584.18
2025-07-17,3584.18
2025-07-18,3584.24
2025-07-19,3584.24
2025-07-20,3584.24
2025-07-21,3584.58
2025-07-22,3585.39
2025-07-23,3585.72
2025-07-24,3585.97
2025-07-25,3586.91
2025-07-26,3586.91
2025-07-27,3586.91
2025-07-28,3587.37
2025-07-29,3587.14
2025-07-30,3586.76
2025-07-31,3587.49
2025-08-01,3588.79
2025-08-02,3588.79
2025-08-03,3588.79
2025-08-04,3588.96
2025-08-05,3589.11
2025-08-06,3589.46
2025-08-07,3589.68
2025-08-08,3591.15
2025-08-09,3591.15
2025-08-10,3591.15
2025-08-11,3590.9
2025-08-12,3591.54
2025-08-13,3591.77
2025-08-14,3593.44
2025-08-15,3593.62
2025-08-16,3593.62
2025-08-17,3593.62
2025-08-18,3593.43
2025-08-19,3593.3
2025-08-20,3593.4
2025-08-21,3593.71
2025-08-22,3594.29
2025-08-23,3594.29
2025-08-24,3594.29
2025-08-25,3593.93
2025-08-26,3593.77
2025-08-27,3593.5
2025-08-28,3594.42
2025-08-29,3592.79
2025-08-30,3592.79
2025-08-31,3592.79
2025-09-01,3593.24
2025-09-02,3593.47
2025-09-03,3593.89
2025-09-04,3593.07
2025-09-05,3593.69
2025-09-06,3593.69
2025-09-07,3593.69
2025-09-08,3594.13
2025-09-09,3593.68
2025-09-10,3593.61
2025-09-11,3593.67
2025-09-12,3594.79
2025-09-13,3594.79
2025-09-14,3594.79
2025-09-15,3594.49
2025-09-16,3593.79
2025-09-17,3594.14
2025-09-18,3594.03
2025-09-19,3594.52
2025-09-20,3594.52
2025-09-21,3594.52
2025-09-22,3593.59
2025-09-23,3592.89
2025-09-24,3594.14
2025-09-25,3593.28
2025-09-26,3594.0
2025-09-27,3594.0
2025-09-28,3594.0
2025-09-29,3594.64
2025-09-30,3592.78
2025-10-01,3593.35
2025-10-02,3592.75
2025-10-03,3594.0
2025-10-04,3594.0
2025-10-05,3594.0
2025-10-06,3593.72
2025-10-07,3592.82
2025-10-08,3593.72
2025-10-09,3592.46
2025-10-10,3593.7
2025-10-11,3593.7
2025-10-12,3593.7
2025-10-13,3594.49
2025-10-14,3592.51
2025-10-15,3593.37
2025-10-16,3593.27
2025-10-17,3594.28
2025-10-18,3594.28
2025-10-19,3594.28
2025-10-20,3593.2
2025-10-21,3591.24
2025-10-22,3591.94
2025-10-23,3591.2
2025-10-24,3591.13
2025-10-25,3591.13
2025-10-26,3591.13
2025-10-27,3590.29
2025-10-28,3588.75
2025-10-29,3587.84
2025-10-30,3586.08
2025-10-31,3585.29
2025-11-01,3585.29
2025-11-02,3585.29
2025-11-03,3586.63
2025-11-04,3583.36
2025-11-05,3583.72
2025-11-06,3580.48
2025-11-07,3579.04
2025-11-08,3579.04
2025-11-09,3579.04
2025-11-10,3577.96
2025-11-11,3575.94
2025-11-12,3575.15
2025-11-13,3572.96
2025-11-14,3572.49
2025-11-15,3572.49
2025-11-16,3572.49
2025-11-17,3571.71
2025-11-18,3568.21
2025-11-19,3567.68
2025-11-20,3563.84
2025-11-21,3563.84
2025-11-22,3563.84
2025-11-23,3563.84
2025-11-24,3562.67
2025-11-25,3559.76
2025-11-26,3559.76
2025-11-27,3554.71
2025-11-28,3553.58
2025-11-29,3553.58
2025-11-30,3553.58
2025-12-01,3552.7
2025-12-02,3549.05
2025-12-03,3548.92
2025-12-04,3545.08
2025-12-05,3545.52
2025-12-06,3545.52
2025-12-07,3545.52
2025-12-08,3544.6
2025-12-09,3544.05
2025-12-10,3544.29
2025-12-11,3545.09
2025-12-12,3544.81
2025-12-13,3544.81
2025-12-14,3544.81
2025-12-15,3545.45
2025-12-16,3545.51
2025-12-17,3546.14
2025-12-18,3548.59
2025-12-19,3549.37
2025-12-20,3549.37
2025-12-21,3549.37
2025-12-22,3550.15
2025-12-23,3553.36
2025-12-24,3554.04
2025-12-25,3555.81
2025-12-26,3556.03
2025-12-27,3556.03
2025-12-28,3556.03
2025-12-29,3556.03
2025-12-30,3556.66
2025-12-31,3556.81
2026-01-01,3556.81
2026-01-02,3556.62
2026-01-03,3556.62
2026-01-04,3556.62
2026-01-05,3556.55
2026-01-06,3556.76
2026-01-07,3556.93
2026-01-08,3557.9
2026-01-09,3558.2
2026-01-10,3558.2
2026-01-11,3558.2
2026-01-12,3558.57
2026-01-13,3559.94
2026-01-14,3559.91
2026-01-15,3561.42
2026-01-16,3561.64
2026-01-17,3561.64
2026-01-18,3561.64
2026-01-19,3561.49
2026-01-20,3563.16
2026-01-21,3563.19
2026-01-22,3564.01
2026-01-23,3563.74
2026-01-24,3563.74
2026-01-25,3563.74
2026-01-26,3564.06
2026-01-27,3564.44
2026-01-28,3564.63
2026-01-29,3564.35
2026-01-30,3564.08
2026-01-31,3564.08
2026-02-01,3564.08
2026-02-02,3565.02
2026-02-03,3565.56
2026-02-04,3565.52
2026-02-05,3565.99
2026-02-06,3565.78
2026-02-07,3565.78
2026-02-08,3565.78
2026-02-09,3566.0
2026-02-10,3566.27
2026-02-11,3566.06
2026-02-12,3565.5
2026-02-13,3565.53
2026-02-14,3565.53
2026-02-15,3565.53
2026-02-16,3565.76
2026-02-17,3565.76
2026-02-18,3565.76
2026-02-19,3565.76
2026-02-20,3565.76
2026-02-21,3565.76
2026-02-22,3565.76
2026-02-23,3565.87
2026-02-24,3566.45
2026-02-25,3566.47
2026-02-26,3566.45
2026-02-27,3565.94
2026-02-28,3565.55
2026-03-01,3565.55
2026-03-02,3566.6
2026-03-03,3566.61
2026-03-04,3565.95
2026-03-05,3565.43
2026-03-06,3566.14
2026-03-07,3566.14
2026-03-08,3566.14
2026-03-09,3566.01
2026-03-10,3565.99
2026-03-11,3566.07
2026-03-12,3566.16
2026-03-13,3566.31
2026-03-14,3566.31
2026-03-15,3566.31
2026-03-16,3566.55
2026-03-17,3566.45
2026-03-18,3566.52
2026-03-19,3566.64
2026-03-20,3566.2
2026-03-21,3566.2
2026-03-22,3566.2
2026-03-23,3566.02
2026-03-24,3566.89
2026-03-25,3567.16
2026-03-26,3567.06
2026-03-27,3568.08
2026-03-28,3568.08
2026-03-29,3568.08
2026-03-30,3567.99
2026-03-31,3568.71
2026-04-01,3569.17
2026-04-02,3570.6
2026-04-03,3571.64
2026-04-04,3571.64
2026-04-05,3571.64
2026-04-06,3570.71
2026-04-07,3570.69
2026-04-08,3572.37
2026-04-09,3572.53
2026-04-10,3573.14
2026-04-11,3573.14
2026-04-12,3573.14
2026-04-13,3573.09
2026-04-14,3573.26
2026-04-15,3573.29
2026-04-16,3573.26
2026-04-17,3573.68
2026-04-18,3573.68
2026-04-19,3573.68
2026-04-20,3572.96
2026-04-21,3575.3
2026-04-22,3575.09
2026-04-23,3576.25
2026-04-24,3576.0
2026-04-25,3576.0
2026-04-26,3576.0
2026-04-27,3575.62
2026-04-28,3576.35
2026-04-29,3576.14
2026-04-30,3576.22
2026-05-01,3576.11
2026-05-02,3576.11
2026-05-03,3576.11
2026-05-04,3576.12
2026-05-05,3576.12
2026-05-06,3575.94
2026-05-07,3576.22
2026-05-08,3576.14
2026-05-09,3576.14
2026-05-10,3576.14
2026-05-11,3575.94
2026-05-12,3576.02
2026-05-13,3575.93
2026-05-14,3575.99
2026-05-15,3576.08
2026-05-16,3576.08
2026-05-17,3576.08
2026-05-18,3575.78
2026-05-19,3575.99
2026-05-20,3576.17
2026-05-21,3576.5
2026-05-22,3576.42
2026-05-23,3576.42
2026-05-24,3576.42
2026-05-25,3575.89
2026-05-26,3576.03
2026-05-27,3575.98
2026-05-28,3576.05
2026-05-29,3575.93
2026-05-30,3575.93
2026-05-31,3575.93
2026-06-01,3575.93
2026-06-02,3575.85
2026-06-03,3575.99
2026-06-04,3575.83
2026-06-05,3576.35
2026-06-06,3576.35
2026-06-07,3576.35
2026-06-08,3575.85
2026-06-09,3576.21
2026-06-10,3576.11
2026-06-11,3576.28
2026-06-12,3576.28
2026-06-13,3576.28
2026-06-14,3576.28
2026-06-15,3575.8
2026-06-16,3576.26
2026-06-17,3576.37
2026-06-18,3576.63
2026-06-19,3576.36
2026-06-20,3576.36
2026-06-21,3576.36
2026-06-22,3576.02
2026-06-23,3576.69
2026-06-24,3576.69
2026-06-25,3576.95
2026-06-26,3578.46
2026-06-27,3578.46
2026-06-28,3578.46
2026-06-29,3578.8
2026-06-30,3579.97
2026-07-01,3580.84
2026-07-02,3580.55
2026-07-03,3581.94
2026-07-04,3581.94
2026-07-05,3581.94
2026-07-06,3581.63
2026-07-07,3582.49
2026-07-08,3582.93
2026-07-09,3583.88
2026-07-10,3583.88
2026-07-11,3583.88
2026-07-12,3583.88
2026-07-13,3583.88
2026-07-14,3583.88
2026-07-15,3583.88
2026-07-16,3583.88
2026-07-17,3583.88
2026-07-18,3583.88
2026-07-19,3583.88
2026-07-20,3584.31
2026-07-21,3586.11
2026-07-22,3586.29
2026-07-23,3589.11
2026-07-24,3590.58
2026-07-25,3590.58
2026-07-26,3590.58
2026-07-27,3591.78
2026-07-28,3592.77
2026-07-29,3593.3
2026-07-30,3593.93
2026-07-31,3592.73
2026-08-01,3592.73
2026-08-02,3592.73
2026-08-03,3593.9
2026-08-04,3593.83
2026-08-05,3593.5
2026-08-06,3593.93
2026-08-07,3593.87
2026-08-08,3593.87
2026-08-09,3593.87
2026-08-10,3593.46
2026-08-11,3594.91
2026-08-12,3595.11
2026-08-13,3594.41
2026-08-14,3594.66
2026-08-15,3594.66
2026-08-16,3594.66
2026-08-17,3594.29
2026-08-18,3594.4
2026-08-19,3594.52
2026-08-20,3594.52
2026-08-21,3593.67
2026-08-22,3593.67
2026-08-23,3593.67
2026-08-24,3594.76
2026-08-25,3594.47
2026-08-26,3595.39
2026-08-27,3595.66
2026-08-28,3595.38
2026-08-29,3595.38
2026-08-30,3595.38
2026-08-31,3595.14
2026-09-01,3595.21
2026-09-02,3594.29
2026-09-03,3595.32
2026-09-04,3595.58
2026-09-05,3595.58
2026-09-06,3595.58
2026-09-07,3595.26
2026-09-08,3595.64
2026-09-09,3595.32
2026-09-10,3595.47
2026-09-11,3595.63
2026-09-12,3595.63
2026-09-13,3595.63
2026-09-14,3595.61
2026-09-15,3595.61
2026-09-16,3595.62
2026-09-17,3595.66
2026-09-18,3595.64
2026-09-19,3595.64
2026-09-20,3595.64
2026-09-21,3595.36
2026-09-22,3595.45
2026-09-23,3595.58
2026-09-24,3595.61
2026-09-25,3595.56
2026-09-26,3595.56
2026-09-27,3595.56
2026-09-28,3595.17
2026-09-29,3595.52
2026-09-30,3595.63
2026-10-01,3595.72
2026-10-02,3595.79
2026-10-03,3595.79
2026-10-04,3595.79
